CrashId,VehicleId,PersonId,Age,Gender,Gender Text Format,State,Postal Code,Person Type,Person Type Text Format,Injury Status,Injury Status Text Format,Condition at Time of Crash,Condition at Time of Crash Text Format,Condition at Time of Crash2,Condition at Time of Crash2 Text Format,Action Taken by Officer,Action Taken by Officer Text Format,Alcohol Test Status,Alcohol Test Status Text Format,Type Of Alcohol Test,Type Of Alcohol Test Text Format,Drug Test Status,Drug Test Status Text Format,Type Of Drig Test,Type Of Drig Test Text Format,Ejection Status,Ejection Status Text Format,Restraint System,Restraint System Text Format,Helmet Use,Helmet Use Text Format,Air Bag Status,Air Bag Status Text Format,Speeding Related,Speeding Related Text Format,Driver Actions 1,Driver Actions 1 Text Format,Driver Actions 2,Driver Actions 2 Text Format,Driver Actions 3,Driver Actions 3 Text Format,Driver Actions 4,Driver Actions 4 Text Format,Driver Distracted By,Driver Distracted By Text Format,Roadway On Which Nonmotorist Was Traveling/Located,Direction nonmotorist was traveling,Direction Unknown,Striking Motor Vehicle ID,Bicycle ID,Non-Motorist Not In Roadway,Actions or Circumstances Prior to Crash,Actions or Circumstances Prior to Crash Text Format,To or From School,To or From School Text Format,Actions or Circumstances At Time Of Crash,Actions or Circumstances At Time Of Crash Text Format,Actions or Circumstances At Time Of Crash2,Actions or Circumstances At Time Of Crash2 Text Format,Location At Time Of Crash,Location At Time Of Crash Text Format,Safety Equipment,Safety Equipment Text Format,Safety Equipment2,Safety Equipment2 Text Format,Non-motorist Distracted By,Non-motorist Distracted By Text Format,Seating Position,Seating Position Text Format,Seating Position for Bus,City,Country,Driver License Jurisdiction,Driver License Jurisdiction Text Format,Drivers License Issued By,Drivers License Class,Commercial License Class,Commercial License Class Text Format,Transported to First Medical Facility By,Transported to First Medical Facility By Text Format,Name of the EMS agency,Name of the Intended Receiving Facility
1276540,1,1,34,2,Female,CT,6511,1,Driver,C,Possible Injury (C),6,Under the Influence of Medications/Drugs/Alcohol,,,4,Arrest/Summons,2,Test Refused,2,Urine,1,Test Not Given,88,Not Applicable,1,Not Ejected,1,Shoulder and Lap Belt Used,88,Not Applicable,2,Deployed-Front,4,Too Fast for Conditions,12,Followed Too Closely,88,Not Applicable,88,Not Applicable,88,Not Applicable,99,Unknown if Distracted,,,,,,,,,,,,,,,,,,,,,,,11,"First Row, Left Seat",,New Haven,UnitedStates,2,State,CT,4,1,No,3,EMS Ground,AMER MED RESPONSE,ST RAPHAELS-YNHH
1277506,1,1,19,2,Female,CT,6519,1,Driver,B,Suspected Minor Injury (B),99,Unknown,,,1,Verbal Warning,1,Test Not Given,88,Not Applicable,1,Test Not Given,88,Not Applicable,1,Not Ejected,1,Shoulder and Lap Belt Used,88,Not Applicable,2,Deployed-Front,4,Too Fast for Conditions,12,Followed Too Closely,13,Failed to Keep in Proper Lane,88,Not Applicable,88,Not Applicable,99,Unknown if Distracted,,,,,,,,,,,,,,,,,,,,,,,11,"First Row, Left Seat",,New Haven,UnitedStates,2,State,CT,4,1,No,3,EMS Ground,AMER MED RESPONSE,YALE-NH HOSP
1281684,2,2,28,1,Male,CT,6516,1,Driver,O,No Apparent Injury (O),99,Unknown,,,4,Arrest/Summons,1,Test Not Given,88,Not Applicable,1,Test Not Given,88,Not Applicable,1,Not Ejected,99,Unknown,88,Not Applicable,1,Not Deployed,4,Too Fast for Conditions,14,Operated Motor Vehicle in Reckless or Aggressive Manner,88,Not Applicable,88,Not Applicable,88,Not Applicable,99,Unknown if Distracted,,,,,,,,,,,,,,,,,,,,,,,11,"First Row, Left Seat",,West Haven,UnitedStates,2,State,CT,4,1,No,1,Not Transported,,
1290663,2,4,33,1,Male,CT,6519,1,Driver,A,Suspected Serious Injury (A),99,Unknown,,,0,None taken,1,Test Not Given,88,Not Applicable,1,Test Not Given,88,Not Applicable,99,Unknown,99,Unknown,99,Unknown,2,Deployed-Front,4,Too Fast for Conditions,3,Failed to Yield Right-of-Way,6,Disregarded Other Traffic Sign,15,"Operated Motor Vehicle in Inattentive, Careless, Negligent, or Erratic Manner",14,Operated Motor Vehicle in Reckless or Aggressive Manner,7,"Other Inside the Vehicle (eating, personal hygiene, etc.)",,,,,,,,,,,,,,,,,,,,,,,11,"First Row, Left Seat",,New Haven,UnitedStates,2,State,CT,1,1,No,3,EMS Ground,AMER MED RESPONSE,YALE-NH HOSP
1304152,2,2,18,1,Male,CT,6601,1,Driver,O,No Apparent Injury (O),1,Apparently Normal,1,Apparently Normal,4,Arrest/Summons,1,Test Not Given,88,Not Applicable,1,Test Not Given,88,Not Applicable,1,Not Ejected,99,Unknown,88,Not Applicable,1,Not Deployed,4,Too Fast for Conditions,11,Wrong Side or Wrong Way,88,Not Applicable,88,Not Applicable,88,Not Applicable,99,Unknown if Distracted,,,,,,,,,,,,,,,,,,,,,,,11,"First Row, Left Seat",,Bridgeport,UnitedStates,1,Not Licensed,CT,88,1,No,1,Not Transported,,
1307166,1,1,34,2,Female,CT,6515,1,Driver,B,Suspected Minor Injury (B),1,Apparently Normal,,,3,Infraction,1,Test Not Given,88,Not Applicable,1,Test Not Given,88,Not Applicable,1,Not Ejected,99,Unknown,99,Unknown,6,Deployed-Combination,4,Too Fast for Conditions,2,Ran Off Roadway,88,Not Applicable,88,Not Applicable,88,Not Applicable,99,Unknown if Distracted,,,,,,,,,,,,,,,,,,,,,,,11,"First Row, Left Seat",,New Haven,UnitedStates,2,State,CT,3,1,No,3,EMS Ground,AMER MED RESPONSE,YALE-NH HOSP
1331363,1,1,25,1,Male,CT,6511,1,Driver,A,Suspected Serious Injury (A),2,Physically Impaired,,,4,Arrest/Summons,1,Test Not Given,88,Not Applicable,1,Test Not Given,88,Not Applicable,1,Not Ejected,99,Unknown,88,Not Applicable,6,Deployed-Combination,4,Too Fast for Conditions,2,Ran Off Roadway,88,Not Applicable,88,Not Applicable,88,Not Applicable,99,Unknown if Distracted,,,,,,,,,,,,,,,,,,,,,,,11,"First Row, Left Seat",,New Haven,UnitedStates,1,Not Licensed,,0,1,No,3,EMS Ground,AMER MED RESPONSE,YALE-NH HOSP
1331666,1,1,25,1,Male,CT,6515,1,Driver,B,Suspected Minor Injury (B),99,Unknown,99,Unknown,1,Verbal Warning,1,Test Not Given,88,Not Applicable,1,Test Not Given,88,Not Applicable,1,Not Ejected,99,Unknown,88,Not Applicable,2,Deployed-Front,4,Too Fast for Conditions,4,Ran Red Light,88,Not Applicable,88,Not Applicable,88,Not Applicable,99,Unknown if Distracted,,,,,,,,,,,,,,,,,,,,,,,11,"First Row, Left Seat",,New Haven,UnitedStates,2,State,CT,4,1,No,3,EMS Ground,AMER MED RESPONSE,ST RAPHAELS-YNHH
1331886,2,2,58,1,Male,CT,6511,1,Driver,O,No Apparent Injury (O),6,Under the Influence of Medications/Drugs/Alcohol,,,4,Arrest/Summons,2,Test Refused,3,Breath,2,Test Refused,2,Urine,1,Not Ejected,1,Shoulder and Lap Belt Used,88,Not Applicable,3,Deployed-Side,4,Too Fast for Conditions,4,Ran Red Light,88,Not Applicable,88,Not Applicable,88,Not Applicable,99,Unknown if Distracted,,,,,,,,,,,,,,,,,,,,,,,11,"First Row, Left Seat",,New Haven,UnitedStates,2,State,CT,4,1,No,1,Not Transported,,
1332026,1,1,16,1,Male,CT,6511,1,Driver,B,Suspected Minor Injury (B),1,Apparently Normal,1,Apparently Normal,4,Arrest/Summons,1,Test Not Given,88,Not Applicable,1,Test Not Given,88,Not Applicable,1,Not Ejected,99,Unknown,88,Not Applicable,2,Deployed-Front,4,Too Fast for Conditions,1,No Contributing Action,88,Not Applicable,88,Not Applicable,88,Not Applicable,1,Not Distracted,,,,,,,,,,,,,,,,,,,,,,,11,"First Row, Left Seat",,New Haven,UnitedStates,1,Not Licensed,,0,1,No,3,EMS Ground,AMER MED RESPONSE,YALE-NH HOSP
1332158,1,1,,99,Unknown,,,1,Driver,O,No Apparent Injury (O),1,Apparently Normal,1,Apparently Normal,0,None taken,1,Test Not Given,88,Not Applicable,1,Test Not Given,88,Not Applicable,1,Not Ejected,99,Unknown,88,Not Applicable,6,Deployed-Combination,4,Too Fast for Conditions,13,Failed to Keep in Proper Lane,88,Not Applicable,88,Not Applicable,88,Not Applicable,1,Not Distracted,,,,,,,,,,,,,,,,,,,,,,,11,"First Row, Left Seat",,,UnitedStates,99,Unknown,,99,99,Unknown,1,Not Transported,,
1342379,1,1,30,2,Female,CT,6515,1,Driver,C,Possible Injury (C),1,Apparently Normal,1,Apparently Normal,1,Verbal Warning,1,Test Not Given,88,Not Applicable,1,Test Not Given,88,Not Applicable,1,Not Ejected,99,Unknown,88,Not Applicable,1,Not Deployed,4,Too Fast for Conditions,97,Other Contributing Action,88,Not Applicable,88,Not Applicable,88,Not Applicable,1,Not Distracted,,,,,,,,,,,,,,,,,,,,,,,11,"First Row, Left Seat",,New Haven,UnitedStates,2,State,CT,0,1,No,3,EMS Ground,AMER MED RESPONSE,YALE-NH HOSP
1346555,1,1,61,1,Male,CT,6515,1,Driver,O,No Apparent Injury (O),1,Apparently Normal,,,3,Infraction,1,Test Not Given,88,Not Applicable,1,Test Not Given,88,Not Applicable,1,Not Ejected,99,Unknown,88,Not Applicable,1,Not Deployed,4,Too Fast for Conditions,5,Ran Stop Sign,88,Not Applicable,88,Not Applicable,88,Not Applicable,1,Not Distracted,,,,,,,,,,,,,,,,,,,,,,,11,"First Row, Left Seat",,New Haven,UnitedStates,2,State,CT,2,2,Yes,1,Not Transported,,
1348776,1,1,33,2,Female,NY,,1,Driver,C,Possible Injury (C),1,Apparently Normal,1,Apparently Normal,1,Verbal Warning,1,Test Not Given,88,Not Applicable,1,Test Not Given,88,Not Applicable,1,Not Ejected,1,Shoulder and Lap Belt Used,88,Not Applicable,6,Deployed-Combination,4,Too Fast for Conditions,97,Other Contributing Action,88,Not Applicable,88,Not Applicable,88,Not Applicable,1,Not Distracted,,,,,,,,,,,,,,,,,,,,,,,11,"First Row, Left Seat",,Ronkonkoma,UnitedStates,2,State,NY,99,1,No,3,EMS Ground,AMER MED RESPONSE,ST RAPHAELS-YNHH
1350548,1,1,25,1,Male,CT,6513,1,Driver,C,Possible Injury (C),5,Asleep or Fatigued,,,4,Arrest/Summons,1,Test Not Given,88,Not Applicable,1,Test Not Given,88,Not Applicable,1,Not Ejected,1,Shoulder and Lap Belt Used,88,Not Applicable,2,Deployed-Front,4,Too Fast for Conditions,2,Ran Off Roadway,88,Not Applicable,88,Not Applicable,88,Not Applicable,99,Unknown if Distracted,,,,,,,,,,,,,,,,,,,,,,,11,"First Row, Left Seat",,New Haven,UnitedStates,,,CT,,,,3,EMS Ground,AMER MED RESPONSE,YALE-NH HOSP
1354157,2,2,61,2,Female,CT,6514,1,Driver,O,No Apparent Injury (O),1,Apparently Normal,1,Apparently Normal,3,Infraction,1,Test Not Given,88,Not Applicable,1,Test Not Given,88,Not Applicable,1,Not Ejected,1,Shoulder and Lap Belt Used,88,Not Applicable,1,Not Deployed,4,Too Fast for Conditions,4,Ran Red Light,88,Not Applicable,88,Not Applicable,88,Not Applicable,99,Unknown if Distracted,,,,,,,,,,,,,,,,,,,,,,,11,"First Row, Left Seat",,Hamden,UnitedStates,2,State,CT,4,1,No,1,Not Transported,,
1356435,2,2,27,1,Male,CT,6483,1,Driver,O,No Apparent Injury (O),99,Unknown,88,Not Applicable,0,None taken,1,Test Not Given,88,Not Applicable,1,Test Not Given,88,Not Applicable,1,Not Ejected,99,Unknown,88,Not Applicable,1,Not Deployed,4,Too Fast for Conditions,12,Followed Too Closely,88,Not Applicable,88,Not Applicable,88,Not Applicable,99,Unknown if Distracted,,,,,,,,,,,,,,,,,,,,,,,11,"First Row, Left Seat",,Seymour,UnitedStates,2,State,CT,4,1,No,1,Not Transported,,
1356791,1,1,46,1,Male,CT,6519,1,Driver,O,No Apparent Injury (O),1,Apparently Normal,1,Apparently Normal,1,Verbal Warning,1,Test Not Given,88,Not Applicable,1,Test Not Given,88,Not Applicable,1,Not Ejected,99,Unknown,88,Not Applicable,1,Not Deployed,4,Too Fast for Conditions,4,Ran Red Light,88,Not Applicable,88,Not Applicable,88,Not Applicable,1,Not Distracted,,,,,,,,,,,,,,,,,,,,,,,11,"First Row, Left Seat",,New Haven,UnitedStates,2,State,CT,4,1,No,1,Not Transported,,
1359926,1,1,32,1,Male,CT,6513,1,Driver,C,Possible Injury (C),1,Apparently Normal,,,1,Verbal Warning,1,Test Not Given,88,Not Applicable,1,Test Not Given,88,Not Applicable,1,Not Ejected,99,Unknown,88,Not Applicable,2,Deployed-Front,4,Too Fast for Conditions,13,Failed to Keep in Proper Lane,88,Not Applicable,88,Not Applicable,88,Not Applicable,99,Unknown if Distracted,,,,,,,,,,,,,,,,,,,,,,,11,"First Row, Left Seat",,New Haven,UnitedStates,2,State,CT,4,1,No,1,Not Transported,,
1361148,1,1,27,2,Female,CT,6511,1,Driver,C,Possible Injury (C),3,"Emotional (depressed, angry, disturbed, etc.)",,,1,Verbal Warning,1,Test Not Given,88,Not Applicable,1,Test Not Given,88,Not Applicable,1,Not Ejected,1,Shoulder and Lap Belt Used,88,Not Applicable,6,Deployed-Combination,4,Too Fast for Conditions,13,Failed to Keep in Proper Lane,88,Not Applicable,88,Not Applicable,88,Not Applicable,2,"Manually Operating an Electronic Communication Device (texting, typing, dialing)",,,,,,,,,,,,,,,,,,,,,,,11,"First Row, Left Seat",,New Haven,UnitedStates,2,State,CT,4,1,No,3,EMS Ground,AMER MED RESPONSE,YALE-NH HOSP
1365272,1,1,27,2,Female,CT,6512,1,Driver,O,No Apparent Injury (O),1,Apparently Normal,1,Apparently Normal,1,Verbal Warning,1,Test Not Given,88,Not Applicable,1,Test Not Given,88,Not Applicable,1,Not Ejected,1,Shoulder and Lap Belt Used,88,Not Applicable,6,Deployed-Combination,4,Too Fast for Conditions,13,Failed to Keep in Proper Lane,88,Not Applicable,88,Not Applicable,88,Not Applicable,99,Unknown if Distracted,,,,,,,,,,,,,,,,,,,,,,,11,"First Row, Left Seat",,East Haven,UnitedStates,2,State,CT,4,1,No,1,Not Transported,,
1384144,1,1,52,1,Male,CT,6511,1,Driver,B,Suspected Minor Injury (B),2,Physically Impaired,2,Physically Impaired,3,Infraction,1,Test Not Given,88,Not Applicable,1,Test Not Given,88,Not Applicable,1,Not Ejected,99,Unknown,88,Not Applicable,2,Deployed-Front,4,Too Fast for Conditions,12,Followed Too Closely,88,Not Applicable,88,Not Applicable,88,Not Applicable,99,Unknown if Distracted,,,,,,,,,,,,,,,,,,,,,,,11,"First Row, Left Seat",,New Haven,UnitedStates,2,State,CT,4,1,No,1,Not Transported,,
1385698,2,2,,99,Unknown,,,1,Driver,C,Possible Injury (C),99,Unknown,99,Unknown,0,None taken,1,Test Not Given,88,Not Applicable,1,Test Not Given,88,Not Applicable,3,"Ejected, Totally",88,Not Applicable,1,No Helmet,1,Not Deployed,4,Too Fast for Conditions,14,Operated Motor Vehicle in Reckless or Aggressive Manner,10,Improper Passing,88,Not Applicable,88,Not Applicable,99,Unknown if Distracted,,,,,,,,,,,,,,,,,,,,,,,12,"First Row, Middle Seat",,,UnitedStates,99,Unknown,,99,99,Unknown,1,Not Transported,,
1393754,1,5,,2,Female,,,1,Driver,O,No Apparent Injury (O),99,Unknown,88,Not Applicable,0,None taken,1,Test Not Given,88,Not Applicable,1,Test Not Given,88,Not Applicable,1,Not Ejected,99,Unknown,88,Not Applicable,6,Deployed-Combination,4,Too Fast for Conditions,99,Unknown,88,Not Applicable,88,Not Applicable,88,Not Applicable,99,Unknown if Distracted,,,,,,,,,,,,,,,,,,,,,,,11,"First Row, Left Seat",,,UnitedStates,99,Unknown,,99,99,Unknown,1,Not Transported,,
1393758,1,1,20,1,Male,CT,,1,Driver,C,Possible Injury (C),1,Apparently Normal,,,4,Arrest/Summons,1,Test Not Given,88,Not Applicable,1,Test Not Given,88,Not Applicable,1,Not Ejected,99,Unknown,88,Not Applicable,1,Not Deployed,4,Too Fast for Conditions,11,Wrong Side or Wrong Way,88,Not Applicable,88,Not Applicable,88,Not Applicable,8,Outside the Vehicle (includes unspecified external distractions),,,,,,,,,,,,,,,,,,,,,,,11,"First Row, Left Seat",,New Haven,UnitedStates,1,Not Licensed,,0,1,No,3,EMS Ground,AMER MED RESPONSE,YALE-NH HOSP
884082,1,1,31,2,Female,CT,6513,1,Driver,B,Suspected Minor Injury (B),99,Unknown,99,Unknown,3,Infraction,1,Test Not Given,88,Not Applicable,1,Test Not Given,88,Not Applicable,1,Not Ejected,99,Unknown,88,Not Applicable,2,Deployed-Front,2,Racing,4,Ran Red Light,88,Not Applicable,88,Not Applicable,88,Not Applicable,1,Not Distracted,,,,,,,,,,,,,,,,,,,,,,,11,"First Row, Left Seat",,East Haven,UnitedStates,2,State,CT,4,1,No,3,EMS Ground,AMER MED RESPONSE,YALE-NH HOSP
884284,2,2,24,1,Male,CT,6511,1,Driver,K,Fatal Injury (K),1,Apparently Normal,1,Apparently Normal,0,None taken,1,Test Not Given,88,Not Applicable,1,Test Not Given,88,Not Applicable,1,Not Ejected,4,"Restraint Used, Type Unknown",88,Not Applicable,1,Not Deployed,2,Racing,1,No Contributing Action,88,Not Applicable,88,Not Applicable,88,Not Applicable,1,Not Distracted,,,,,,,,,,,,,,,,,,,,,,,11,"First Row, Left Seat",,New Haven,UnitedStates,,,,,,,3,EMS Ground,AMER MED RESPONSE,YALE-NH HOSP
884284,1,1,,99,Unknown,,,1,Driver,O,No Apparent Injury (O),1,Apparently Normal,1,Apparently Normal,0,None taken,1,Test Not Given,88,Not Applicable,1,Test Not Given,88,Not Applicable,1,Not Ejected,4,"Restraint Used, Type Unknown",88,Not Applicable,1,Not Deployed,2,Racing,13,Failed to Keep in Proper Lane,88,Not Applicable,88,Not Applicable,88,Not Applicable,1,Not Distracted,,,,,,,,,,,,,,,,,,,,,,,11,"First Row, Left Seat",,,UnitedStates,99,Unknown,,99,1,No,1,Not Transported,,
958468,1,1,56,1,Male,CT,6513,1,Driver,B,Suspected Minor Injury (B),99,Unknown,99,Unknown,0,None taken,1,Test Not Given,88,Not Applicable,1,Test Not Given,88,Not Applicable,1,Not Ejected,0,None Used-Motor Vehicle Occupant,88,Not Applicable,1,Not Deployed,2,Racing,2,Ran Off Roadway,14,Operated Motor Vehicle in Reckless or Aggressive Manner,97,Other Contributing Action,88,Not Applicable,99,Unknown if Distracted,,,,,,,,,,,,,,,,,,,,,,,11,"First Row, Left Seat",,New Haven,UnitedStates,2,State,CT,4,1,No,3,EMS Ground,AMER MED RESPONSE,YALE-NH HOSP
952055,1,1,,99,Unknown,,,1,Driver,O,No Apparent Injury (O),99,Unknown,,,0,None taken,1,Test Not Given,88,Not Applicable,1,Test Not Given,88,Not Applicable,1,Not Ejected,4,"Restraint Used, Type Unknown",88,Not Applicable,3,Deployed-Side,2,Racing,4,Ran Red Light,88,Not Applicable,88,Not Applicable,88,Not Applicable,99,Unknown if Distracted,,,,,,,,,,,,,,,,,,,,,,,11,"First Row, Left Seat",,,UnitedStates,99,Unknown,,99,1,No,1,Not Transported,,
1273890,1,1,29,1,Male,CT,6511,1,Driver,A,Suspected Serious Injury (A),2,Physically Impaired,2,Physically Impaired,0,None taken,1,Test Not Given,88,Not Applicable,1,Test Not Given,88,Not Applicable,3,"Ejected, Totally",88,Not Applicable,99,Unknown,88,Not applicable,2,Racing,13,Failed to Keep in Proper Lane,88,Not Applicable,88,Not Applicable,88,Not Applicable,99,Unknown if Distracted,,,,,,,,,,,,,,,,,,,,,,,11,"First Row, Left Seat",,New Haven,UnitedStates,1,Not Licensed,CT,88,1,No,3,EMS Ground,AMER MED RESPONSE,YALE-NH HOSP
1152071,1,1,,2,Female,,,1,Driver,O,No Apparent Injury (O),99,Unknown,,,0,None taken,1,Test Not Given,88,Not Applicable,1,Test Not Given,88,Not Applicable,1,Not Ejected,99,Unknown,88,Not Applicable,2,Deployed-Front,2,Racing,15,"Operated Motor Vehicle in Inattentive, Careless, Negligent, or Erratic Manner",88,Not Applicable,88,Not Applicable,88,Not Applicable,99,Unknown if Distracted,,,,,,,,,,,,,,,,,,,,,,,11,"First Row, Left Seat",,,UnitedStates,99,Unknown,,99,99,Unknown,1,Not Transported,,
1291449,2,2,20,2,Female,CT,6608,1,Driver,C,Possible Injury (C),1,Apparently Normal,,,4,Arrest/Summons,1,Test Not Given,88,Not Applicable,1,Test Not Given,88,Not Applicable,1,Not Ejected,99,Unknown,88,Not Applicable,6,Deployed-Combination,2,Racing,4,Ran Red Light,88,Not Applicable,88,Not Applicable,88,Not Applicable,99,Unknown if Distracted,,,,,,,,,,,,,,,,,,,,,,,11,"First Row, Left Seat",,Bridgeport,UnitedStates,1,Not Licensed,,88,1,No,3,EMS Ground,AMER MED RESPONSE,YALE-NH HOSP
1305561,1,1,40,1,Male,CT,6511,1,Driver,K,Fatal Injury (K),99,Unknown,99,Unknown,0,None taken,1,Test Not Given,88,Not Applicable,1,Test Not Given,88,Not Applicable,3,"Ejected, Totally",99,Unknown,88,Not Applicable,2,Deployed-Front,2,Racing,2,Ran Off Roadway,14,Operated Motor Vehicle in Reckless or Aggressive Manner,88,Not Applicable,88,Not Applicable,99,Unknown if Distracted,,,,,,,,,,,,,,,,,,,,,,,11,"First Row, Left Seat",,New Haven,UnitedStates,99,Unknown,CT,99,1,No,97,Other,,YALE-NH HOSP
1322401,1,1,30,2,Female,CT,6511,1,Driver,A,Suspected Serious Injury (A),2,Physically Impaired,2,Physically Impaired,1,Verbal Warning,1,Test Not Given,88,Not Applicable,1,Test Not Given,88,Not Applicable,1,Not Ejected,99,Unknown,88,Not Applicable,6,Deployed-Combination,2,Racing,4,Ran Red Light,88,Not Applicable,88,Not Applicable,88,Not Applicable,99,Unknown if Distracted,,,,,,,,,,,,,,,,,,,,,,,11,"First Row, Left Seat",,New Haven,UnitedStates,2,State,CT,4,1,No,3,EMS Ground,AMER MED RESPONSE,YALE-NH HOSP
1355075,1,1,37,2,Female,CT,6511,1,Driver,C,Possible Injury (C),3,"Emotional (depressed, angry, disturbed, etc.)",3,"Emotional (depressed, angry, disturbed, etc.)",4,Arrest/Summons,1,Test Not Given,88,Not Applicable,1,Test Not Given,88,Not Applicable,1,Not Ejected,99,Unknown,88,Not Applicable,2,Deployed-Front,2,Racing,2,Ran Off Roadway,88,Not Applicable,88,Not Applicable,88,Not Applicable,1,Not Distracted,,,,,,,,,,,,,,,,,,,,,,,11,"First Row, Left Seat",,New Haven,UnitedStates,2,State,CT,4,1,No,3,EMS Ground,AMER MED RESPONSE,YALE-NH HOSP
1385705,2,2,30,2,Female,CT,6704,1,Driver,B,Suspected Minor Injury (B),3,"Emotional (depressed, angry, disturbed, etc.)",3,"Emotional (depressed, angry, disturbed, etc.)",0,None taken,1,Test Not Given,88,Not Applicable,1,Test Not Given,88,Not Applicable,99,Unknown,88,Not Applicable,2,DOT-Compliant Motorcycle Helmet,88,Not applicable,2,Racing,1,No Contributing Action,88,Not Applicable,88,Not Applicable,88,Not Applicable,1,Not Distracted,,,,,,,,,,,,,,,,,,,,,,,11,"First Row, Left Seat",,Waterbury,UnitedStates,2,State,CT,4,1,No,1,Not Transported,,
1369277,1,1,,1,Male,,,1,Driver,O,No Apparent Injury (O),99,Unknown,99,Unknown,0,None taken,1,Test Not Given,88,Not Applicable,1,Test Not Given,88,Not Applicable,1,Not Ejected,99,Unknown,88,Not Applicable,99,Unknown,2,Racing,14,Operated Motor Vehicle in Reckless or Aggressive Manner,88,Not Applicable,88,Not Applicable,88,Not Applicable,99,Unknown if Distracted,,,,,,,,,,,,,,,,,,,,,,,11,"First Row, Left Seat",,,UnitedStates,99,Unknown,,99,99,Unknown,1,Not Transported,,
861073,1,1,63,2,Female,CT,6798,1,Driver,C,Possible Injury (C),1,Apparently Normal,1,Apparently Normal,0,None taken,1,Test Not Given,88,Not Applicable,1,Test Not Given,88,Not Applicable,1,Not Ejected,1,Shoulder and Lap Belt Used,88,Not Applicable,6,Deployed-Combination,1,No,1,No Contributing Action,88,Not Applicable,88,Not Applicable,88,Not Applicable,1,Not Distracted,,,,,,,,,,,,,,,,,,,,,,,11,"First Row, Left Seat",,Woodbury,UnitedStates,2,State,CT,4,1,No,3,EMS Ground,AMER MED RESPONSE,YALE-NH HOSP
881002,3,3,,99,Unknown,CT,,1,Driver,B,Suspected Minor Injury (B),1,Apparently Normal,,,0,None taken,1,Test Not Given,88,Not Applicable,1,Test Not Given,88,Not Applicable,1,Not Ejected,1,Shoulder and Lap Belt Used,88,Not Applicable,1,Not Deployed,1,No,1,No Contributing Action,88,Not Applicable,88,Not Applicable,88,Not Applicable,1,Not Distracted,,,,,,,,,,,,,,,,,,,,,,,11,"First Row, Left Seat",,New Haven,UnitedStates,2,State,CT,4,1,No,3,EMS Ground,AMER MED RESPONSE,YALE-NH HOSP
861073,2,2,50,2,Female,CT,0,1,Driver,O,No Apparent Injury (O),1,Apparently Normal,1,Apparently Normal,1,Verbal Warning,1,Test Not Given,88,Not Applicable,1,Test Not Given,88,Not Applicable,1,Not Ejected,1,Shoulder and Lap Belt Used,88,Not Applicable,1,Not Deployed,1,No,3,Failed to Yield Right-of-Way,88,Not Applicable,88,Not Applicable,88,Not Applicable,1,Not Distracted,,,,,,,,,,,,,,,,,,,,,,,11,"First Row, Left Seat",,North Haven,UnitedStates,2,State,CT,4,1,No,1,Not Transported,,
884046,2,2,55,1,Male,CT,6516,1,Driver,C,Possible Injury (C),1,Apparently Normal,1,Apparently Normal,0,None taken,1,Test Not Given,88,Not Applicable,1,Test Not Given,88,Not Applicable,1,Not Ejected,99,Unknown,88,Not Applicable,2,Deployed-Front,1,No,1,No Contributing Action,88,Not Applicable,88,Not Applicable,88,Not Applicable,1,Not Distracted,,,,,,,,,,,,,,,,,,,,,,,11,"First Row, Left Seat",,West Haven,UnitedStates,2,State,CT,4,1,No,3,EMS Ground,AMER MED RESPONSE,YALE-NH HOSP
881002,2,2,54,1,Male,CT,6516,1,Driver,O,No Apparent Injury (O),97,Other,,,0,None taken,1,Test Not Given,88,Not Applicable,1,Test Not Given,88,Not Applicable,1,Not Ejected,1,Shoulder and Lap Belt Used,88,Not Applicable,2,Deployed-Front,1,No,1,No Contributing Action,88,Not Applicable,88,Not Applicable,88,Not Applicable,1,Not Distracted,,,,,,,,,,,,,,,,,,,,,,,11,"First Row, Left Seat",,West Haven,UnitedStates,2,State,CT,4,1,No,1,Not Transported,,