CrashId,VehicleId,PersonId,Age,Gender,Gender Text Format,State,Postal Code,Person Type,Person Type Text Format,Injury Status,Injury Status Text Format,Condition at Time of Crash,Condition at Time of Crash Text Format,Condition at Time of Crash2,Condition at Time of Crash2 Text Format,Action Taken by Officer,Action Taken by Officer Text Format,Alcohol Test Status,Alcohol Test Status Text Format,Type Of Alcohol Test,Type Of Alcohol Test Text Format,Drug Test Status,Drug Test Status Text Format,Type Of Drig Test,Type Of Drig Test Text Format,Ejection Status,Ejection Status Text Format,Restraint System,Restraint System Text Format,Helmet Use,Helmet Use Text Format,Air Bag Status,Air Bag Status Text Format,Speeding Related,Speeding Related Text Format,Driver Actions 1,Driver Actions 1 Text Format,Driver Actions 2,Driver Actions 2 Text Format,Driver Actions 3,Driver Actions 3 Text Format,Driver Actions 4,Driver Actions 4 Text Format,Driver Distracted By,Driver Distracted By Text Format,Roadway On Which Nonmotorist Was Traveling/Located,Direction nonmotorist was traveling,Direction Unknown,Striking Motor Vehicle ID,Bicycle ID,Non-Motorist Not In Roadway,Actions or Circumstances Prior to Crash,Actions or Circumstances Prior to Crash Text Format,To or From School,To or From School Text Format,Actions or Circumstances At Time Of Crash,Actions or Circumstances At Time Of Crash Text Format,Actions or Circumstances At Time Of Crash2,Actions or Circumstances At Time Of Crash2 Text Format,Location At Time Of Crash,Location At Time Of Crash Text Format,Safety Equipment,Safety Equipment Text Format,Safety Equipment2,Safety Equipment2 Text Format,Non-motorist Distracted By,Non-motorist Distracted By Text Format,Seating Position,Seating Position Text Format,Seating Position for Bus,City,Country,Driver License Jurisdiction,Driver License Jurisdiction Text Format,Drivers License Issued By,Drivers License Class,Commercial License Class,Commercial License Class Text Format,Transported to First Medical Facility By,Transported to First Medical Facility By Text Format,Name of the EMS agency,Name of the Intended Receiving Facility
887984,2,2,56,1,Male,CT,6512,1,Driver,C,Possible Injury (C),1,Apparently Normal,,,0,None taken,1,Test Not Given,88,Not Applicable,1,Test Not Given,88,Not Applicable,1,Not Ejected,1,Shoulder and Lap Belt Used,88,Not Applicable,6,Deployed-Combination,1,No,1,No Contributing Action,88,Not Applicable,88,Not Applicable,88,Not Applicable,1,Not Distracted,,,,,,,,,,,,,,,,,,,,,,,11,"First Row, Left Seat",,New Haven,UnitedStates,2,State,CT,4,1,No,2,EMS Air,AMER MED RESPONSE,YALE-NH HOSP
887975,1,1,32,1,Male,CT,6511,1,Driver,O,No Apparent Injury (O),1,Apparently Normal,1,Apparently Normal,4,Arrest/Summons,1,Test Not Given,88,Not Applicable,1,Test Not Given,88,Not Applicable,1,Not Ejected,99,Unknown,88,Not Applicable,1,Not Deployed,1,No,13,Failed to Keep in Proper Lane,88,Not Applicable,88,Not Applicable,88,Not Applicable,7,"Other Inside the Vehicle (eating, personal hygiene, etc.)",,,,,,,,,,,,,,,,,,,,,,,11,"First Row, Left Seat",,New Haven,UnitedStates,1,Not Licensed,CT,0,1,No,1,Not Transported,,
887984,1,1,34,1,Male,CT,6492,1,Driver,C,Possible Injury (C),1,Apparently Normal,,,1,Verbal Warning,1,Test Not Given,88,Not Applicable,1,Test Not Given,88,Not Applicable,1,Not Ejected,1,Shoulder and Lap Belt Used,88,Not Applicable,6,Deployed-Combination,1,No,11,Wrong Side or Wrong Way,88,Not Applicable,88,Not Applicable,88,Not Applicable,1,Not Distracted,,,,,,,,,,,,,,,,,,,,,,,11,"First Row, Left Seat",,Wallingford,UnitedStates,2,State,CT,4,1,No,2,EMS Air,AMER MED RESPONSE,YALE-NH HOSP
887985,1,1,46,2,Female,CT,,1,Driver,C,Possible Injury (C),1,Apparently Normal,,,1,Verbal Warning,1,Test Not Given,88,Not Applicable,1,Test Not Given,88,Not Applicable,1,Not Ejected,4,"Restraint Used, Type Unknown",88,Not Applicable,1,Not Deployed,1,No,3,Failed to Yield Right-of-Way,88,Not Applicable,88,Not Applicable,88,Not Applicable,1,Not Distracted,,,,,,,,,,,,,,,,,,,,,,,11,"First Row, Left Seat",,Derby,UnitedStates,4,U.S. Government,CT,4,1,No,1,Not Transported,,
887985,2,2,39,2,Female,CT,6516,1,Driver,C,Possible Injury (C),1,Apparently Normal,,,0,None taken,1,Test Not Given,88,Not Applicable,1,Test Not Given,88,Not Applicable,1,Not Ejected,1,Shoulder and Lap Belt Used,88,Not Applicable,4,Deployed-Curtain,1,No,1,No Contributing Action,88,Not Applicable,88,Not Applicable,88,Not Applicable,1,Not Distracted,,,,,,,,,,,,,,,,,,,,,,,11,"First Row, Left Seat",,West Haven,UnitedStates,2,State,CT,4,1,No,3,EMS Ground,AMER MED RESPONSE,ST RAPHAELS-YNHH
887993,2,2,35,2,Female,CT,6513,1,Driver,C,Possible Injury (C),1,Apparently Normal,,,0,None taken,1,Test Not Given,88,Not Applicable,1,Test Not Given,88,Not Applicable,1,Not Ejected,1,Shoulder and Lap Belt Used,88,Not Applicable,1,Not Deployed,1,No,1,No Contributing Action,88,Not Applicable,88,Not Applicable,88,Not Applicable,1,Not Distracted,,,,,,,,,,,,,,,,,,,,,,,11,"First Row, Left Seat",,New Haven,UnitedStates,2,State,CT,4,1,No,1,Not Transported,,
888002,2,2,51,2,Female,CT,6095,1,Driver,B,Suspected Minor Injury (B),1,Apparently Normal,1,Apparently Normal,0,None taken,1,Test Not Given,88,Not Applicable,1,Test Not Given,88,Not Applicable,1,Not Ejected,1,Shoulder and Lap Belt Used,88,Not Applicable,1,Not Deployed,1,No,1,No Contributing Action,88,Not Applicable,88,Not Applicable,88,Not Applicable,1,Not Distracted,,,,,,,,,,,,,,,,,,,,,,,11,"First Row, Left Seat",,Windsor,UnitedStates,2,State,CT,4,1,No,3,EMS Ground,AMER MED RESPONSE,ST RAPHAELS-YNHH
888003,1,1,39,1,Male,CT,,1,Driver,A,Suspected Serious Injury (A),1,Apparently Normal,1,Apparently Normal,0,None taken,1,Test Not Given,88,Not Applicable,1,Test Not Given,88,Not Applicable,3,"Ejected, Totally",88,Not Applicable,2,DOT-Compliant Motorcycle Helmet,1,Not Deployed,1,No,1,No Contributing Action,88,Not Applicable,88,Not Applicable,88,Not Applicable,1,Not Distracted,,,,,,,,,,,,,,,,,,,,,,,11,"First Row, Left Seat",,New Haven,UnitedStates,2,State,CT,4,1,No,3,EMS Ground,AMER MED RESPONSE,YALE-NH HOSP
888007,2,2,34,2,Female,CT,6519,1,Driver,C,Possible Injury (C),1,Apparently Normal,,,0,None taken,1,Test Not Given,88,Not Applicable,1,Test Not Given,88,Not Applicable,1,Not Ejected,99,Unknown,88,Not Applicable,1,Not Deployed,1,No,1,No Contributing Action,88,Not Applicable,88,Not Applicable,88,Not Applicable,1,Not Distracted,,,,,,,,,,,,,,,,,,,,,,,11,"First Row, Left Seat",,New Haven,UnitedStates,2,State,CT,4,1,No,3,EMS Ground,AMER MED RESPONSE,YALE-NH HOSP
888002,1,1,29,1,Male,CT,,1,Driver,O,No Apparent Injury (O),1,Apparently Normal,,,1,Verbal Warning,1,Test Not Given,88,Not Applicable,1,Test Not Given,88,Not Applicable,1,Not Ejected,1,Shoulder and Lap Belt Used,88,Not Applicable,1,Not Deployed,1,No,3,Failed to Yield Right-of-Way,88,Not Applicable,88,Not Applicable,88,Not Applicable,99,Unknown if Distracted,,,,,,,,,,,,,,,,,,,,,,,11,"First Row, Left Seat",,New Haven,UnitedStates,2,State,CT,4,1,No,1,Not Transported,,
888008,1,1,54,2,Female,CT,6511,1,Driver,C,Possible Injury (C),1,Apparently Normal,,,0,None taken,1,Test Not Given,88,Not Applicable,1,Test Not Given,88,Not Applicable,1,Not Ejected,99,Unknown,88,Not Applicable,1,Not Deployed,1,No,1,No Contributing Action,88,Not Applicable,88,Not Applicable,88,Not Applicable,1,Not Distracted,,,,,,,,,,,,,,,,,,,,,,,11,"First Row, Left Seat",,New Haven,UnitedStates,2,State,CT,4,1,No,1,Not Transported,,
888004,1,1,47,2,Female,CT,6514,1,Driver,O,No Apparent Injury (O),1,Apparently Normal,1,Apparently Normal,1,Verbal Warning,1,Test Not Given,88,Not Applicable,1,Test Not Given,88,Not Applicable,1,Not Ejected,4,"Restraint Used, Type Unknown",88,Not Applicable,1,Not Deployed,1,No,12,Followed Too Closely,88,Not Applicable,88,Not Applicable,88,Not Applicable,1,Not Distracted,,,,,,,,,,,,,,,,,,,,,,,11,"First Row, Left Seat",,Hamden,UnitedStates,2,State,CT,4,1,No,1,Not Transported,,
888004,2,2,37,2,Female,CT,6511,1,Driver,O,No Apparent Injury (O),1,Apparently Normal,1,Apparently Normal,0,None taken,1,Test Not Given,88,Not Applicable,1,Test Not Given,88,Not Applicable,1,Not Ejected,4,"Restraint Used, Type Unknown",88,Not Applicable,1,Not Deployed,1,No,1,No Contributing Action,88,Not Applicable,88,Not Applicable,88,Not Applicable,1,Not Distracted,,,,,,,,,,,,,,,,,,,,,,,11,"First Row, Left Seat",,New Haven,UnitedStates,2,State,CT,4,1,No,1,Not Transported,,
888007,1,1,55,1,Male,CT,6405,1,Driver,O,No Apparent Injury (O),1,Apparently Normal,,,1,Verbal Warning,1,Test Not Given,88,Not Applicable,1,Test Not Given,88,Not Applicable,1,Not Ejected,99,Unknown,88,Not Applicable,1,Not Deployed,1,No,5,Ran Stop Sign,88,Not Applicable,88,Not Applicable,88,Not Applicable,1,Not Distracted,,,,,,,,,,,,,,,,,,,,,,,11,"First Row, Left Seat",,Branford,UnitedStates,2,State,CT,4,1,No,1,Not Transported,,
888025,1,1,67,2,Female,CT,6114,1,Driver,C,Possible Injury (C),1,Apparently Normal,1,Apparently Normal,1,Verbal Warning,1,Test Not Given,88,Not Applicable,1,Test Not Given,88,Not Applicable,1,Not Ejected,99,Unknown,88,Not Applicable,2,Deployed-Front,1,No,3,Failed to Yield Right-of-Way,88,Not Applicable,88,Not Applicable,88,Not Applicable,1,Not Distracted,,,,,,,,,,,,,,,,,,,,,,,11,"First Row, Left Seat",,Hartford,UnitedStates,2,State,CT,4,1,No,3,EMS Ground,AMER MED RESPONSE,YALE-NH HOSP
888025,2,6,28,1,Male,CT,6516,1,Driver,B,Suspected Minor Injury (B),1,Apparently Normal,1,Apparently Normal,0,None taken,1,Test Not Given,88,Not Applicable,1,Test Not Given,88,Not Applicable,1,Not Ejected,0,None Used-Motor Vehicle Occupant,88,Not Applicable,2,Deployed-Front,1,No,1,No Contributing Action,88,Not Applicable,88,Not Applicable,88,Not Applicable,1,Not Distracted,,,,,,,,,,,,,,,,,,,,,,,11,"First Row, Left Seat",,West Haven,UnitedStates,2,State,CT,4,1,No,3,EMS Ground,AMER MED RESPONSE,YALE-NH HOSP
888010,2,2,30,1,Male,CT,6513,1,Driver,O,No Apparent Injury (O),1,Apparently Normal,1,Apparently Normal,0,None taken,1,Test Not Given,88,Not Applicable,1,Test Not Given,88,Not Applicable,1,Not Ejected,99,Unknown,88,Not Applicable,1,Not Deployed,1,No,1,No Contributing Action,88,Not Applicable,88,Not Applicable,88,Not Applicable,1,Not Distracted,,,,,,,,,,,,,,,,,,,,,,,11,"First Row, Left Seat",,New Haven,UnitedStates,1,Not Licensed,CT,0,1,No,1,Not Transported,,
888010,3,4,22,2,Female,CT,6405,1,Driver,O,No Apparent Injury (O),1,Apparently Normal,1,Apparently Normal,0,None taken,1,Test Not Given,88,Not Applicable,1,Test Not Given,88,Not Applicable,1,Not Ejected,99,Unknown,88,Not Applicable,1,Not Deployed,1,No,1,No Contributing Action,88,Not Applicable,88,Not Applicable,88,Not Applicable,1,Not Distracted,,,,,,,,,,,,,,,,,,,,,,,11,"First Row, Left Seat",,Branford,UnitedStates,2,State,CT,4,1,No,1,Not Transported,,
888010,1,1,56,2,Female,CT,6512,1,Driver,O,No Apparent Injury (O),1,Apparently Normal,1,Apparently Normal,3,Infraction,1,Test Not Given,88,Not Applicable,1,Test Not Given,88,Not Applicable,1,Not Ejected,99,Unknown,88,Not Applicable,1,Not Deployed,1,No,12,Followed Too Closely,88,Not Applicable,88,Not Applicable,88,Not Applicable,1,Not Distracted,,,,,,,,,,,,,,,,,,,,,,,11,"First Row, Left Seat",,East Haven,UnitedStates,2,State,CT,4,1,No,1,Not Transported,,
888012,1,1,27,2,Female,CT,6443,1,Driver,O,No Apparent Injury (O),1,Apparently Normal,1,Apparently Normal,0,None taken,1,Test Not Given,88,Not Applicable,1,Test Not Given,88,Not Applicable,1,Not Ejected,99,Unknown,88,Not Applicable,2,Deployed-Front,1,No,2,Ran Off Roadway,88,Not Applicable,88,Not Applicable,88,Not Applicable,1,Not Distracted,,,,,,,,,,,,,,,,,,,,,,,11,"First Row, Left Seat",,Madison,UnitedStates,2,State,CT,4,1,No,1,Not Transported,,
888013,1,1,,99,Unknown,,,1,Driver,O,No Apparent Injury (O),1,Apparently Normal,1,Apparently Normal,0,None taken,1,Test Not Given,88,Not Applicable,1,Test Not Given,88,Not Applicable,1,Not Ejected,99,Unknown,88,Not Applicable,1,Not Deployed,1,No,1,No Contributing Action,88,Not Applicable,88,Not Applicable,88,Not Applicable,99,Unknown if Distracted,,,,,,,,,,,,,,,,,,,,,,,11,"First Row, Left Seat",,,UnitedStates,99,Unknown,,99,99,Unknown,1,Not Transported,,
888022,1,1,,99,Unknown,,,1,Driver,O,No Apparent Injury (O),99,Unknown,99,Unknown,0,None taken,1,Test Not Given,88,Not Applicable,1,Test Not Given,88,Not Applicable,1,Not Ejected,99,Unknown,88,Not Applicable,1,Not Deployed,1,No,7,Disregarded Other Road Markings,88,Not Applicable,88,Not Applicable,88,Not Applicable,99,Unknown if Distracted,,,,,,,,,,,,,,,,,,,,,,,11,"First Row, Left Seat",,,UnitedStates,99,Unknown,,99,99,Unknown,1,Not Transported,,
888048,1,1,53,1,Male,CT,6514,1,Driver,C,Possible Injury (C),1,Apparently Normal,1,Apparently Normal,0,None taken,1,Test Not Given,88,Not Applicable,1,Test Not Given,88,Not Applicable,1,Not Ejected,99,Unknown,88,Not Applicable,1,Not Deployed,1,No,1,No Contributing Action,88,Not Applicable,88,Not Applicable,88,Not Applicable,1,Not Distracted,,,,,,,,,,,,,,,,,,,,,,,11,"First Row, Left Seat",,Hamden,UnitedStates,2,State,CT,4,1,No,1,Not Transported,,
888051,1,1,31,1,Male,CT,6511,1,Driver,C,Possible Injury (C),1,Apparently Normal,1,Apparently Normal,1,Verbal Warning,1,Test Not Given,88,Not Applicable,1,Test Not Given,88,Not Applicable,1,Not Ejected,99,Unknown,88,Not Applicable,6,Deployed-Combination,1,No,2,Ran Off Roadway,88,Not Applicable,88,Not Applicable,88,Not Applicable,99,Unknown if Distracted,,,,,,,,,,,,,,,,,,,,,,,11,"First Row, Left Seat",,New Haven,UnitedStates,2,State,CT,4,1,No,3,EMS Ground,AMER MED RESPONSE,YALE-NH HOSP
888056,3,4,57,2,Female,CT,,1,Driver,C,Possible Injury (C),1,Apparently Normal,1,Apparently Normal,1,Verbal Warning,1,Test Not Given,88,Not Applicable,1,Test Not Given,88,Not Applicable,1,Not Ejected,1,Shoulder and Lap Belt Used,88,Not Applicable,1,Not Deployed,1,No,12,Followed Too Closely,88,Not Applicable,88,Not Applicable,88,Not Applicable,1,Not Distracted,,,,,,,,,,,,,,,,,,,,,,,11,"First Row, Left Seat",,New Haven,UnitedStates,2,State,CT,4,1,No,3,EMS Ground,AMER MED RESPONSE,YALE-NH HOSP
888061,1,1,39,1,Male,CT,,1,Driver,C,Possible Injury (C),99,Unknown,,,0,None taken,1,Test Not Given,88,Not Applicable,1,Test Not Given,88,Not Applicable,2,"Ejected, Partially",88,Not Applicable,2,DOT-Compliant Motorcycle Helmet,1,Not Deployed,1,No,1,No Contributing Action,88,Not Applicable,88,Not Applicable,88,Not Applicable,1,Not Distracted,,,,,,,,,,,,,,,,,,,,,,,11,"First Row, Left Seat",,East Haven,UnitedStates,2,State,CT,4,1,No,1,Not Transported,,
888056,2,2,53,2,Female,CT,,1,Driver,O,No Apparent Injury (O),1,Apparently Normal,1,Apparently Normal,0,None taken,1,Test Not Given,88,Not Applicable,1,Test Not Given,88,Not Applicable,1,Not Ejected,1,Shoulder and Lap Belt Used,88,Not Applicable,1,Not Deployed,1,No,1,No Contributing Action,88,Not Applicable,88,Not Applicable,88,Not Applicable,1,Not Distracted,,,,,,,,,,,,,,,,,,,,,,,11,"First Row, Left Seat",,Hamden,UnitedStates,1,Not Licensed,CT,0,,,1,Not Transported,,
888056,1,1,22,2,Female,CT,6515,1,Driver,O,No Apparent Injury (O),1,Apparently Normal,1,Apparently Normal,0,None taken,1,Test Not Given,88,Not Applicable,1,Test Not Given,88,Not Applicable,1,Not Ejected,1,Shoulder and Lap Belt Used,88,Not Applicable,1,Not Deployed,1,No,1,No Contributing Action,88,Not Applicable,88,Not Applicable,88,Not Applicable,1,Not Distracted,,,,,,,,,,,,,,,,,,,,,,,11,"First Row, Left Seat",,New Haven,UnitedStates,2,State,CT,4,1,No,1,Not Transported,,
888067,1,1,27,1,Male,VT,5677,1,Driver,B,Suspected Minor Injury (B),1,Apparently Normal,1,Apparently Normal,0,None taken,1,Test Not Given,88,Not Applicable,1,Test Not Given,88,Not Applicable,1,Not Ejected,1,Shoulder and Lap Belt Used,88,Not Applicable,2,Deployed-Front,1,No,1,No Contributing Action,88,Not Applicable,88,Not Applicable,88,Not Applicable,1,Not Distracted,,,,,,,,,,,,,,,,,,,,,,,11,"First Row, Left Seat",,Waterbury Ctr,UnitedStates,2,State,VT,4,1,No,3,EMS Ground,AMER MED RESPONSE,YALE-NH HOSP
888075,2,2,38,2,Female,CT,6401,1,Driver,C,Possible Injury (C),1,Apparently Normal,,,0,None taken,1,Test Not Given,88,Not Applicable,1,Test Not Given,88,Not Applicable,1,Not Ejected,99,Unknown,88,Not Applicable,1,Not Deployed,1,No,1,No Contributing Action,88,Not Applicable,88,Not Applicable,88,Not Applicable,1,Not Distracted,,,,,,,,,,,,,,,,,,,,,,,11,"First Row, Left Seat",,Ansonia,UnitedStates,2,State,CT,4,1,No,1,Not Transported,,
888067,2,2,75,1,Male,CT,6405,1,Driver,O,No Apparent Injury (O),1,Apparently Normal,1,Apparently Normal,1,Verbal Warning,1,Test Not Given,88,Not Applicable,1,Test Not Given,88,Not Applicable,1,Not Ejected,1,Shoulder and Lap Belt Used,88,Not Applicable,3,Deployed-Side,1,No,4,Ran Red Light,88,Not Applicable,88,Not Applicable,88,Not Applicable,1,Not Distracted,,,,,,,,,,,,,,,,,,,,,,,11,"First Row, Left Seat",,Branford,UnitedStates,2,State,CT,4,1,No,1,Not Transported,,
888079,2,2,53,1,Male,CT,6513,1,Driver,B,Suspected Minor Injury (B),1,Apparently Normal,,,0,None taken,1,Test Not Given,88,Not Applicable,1,Test Not Given,88,Not Applicable,1,Not Ejected,88,Not Applicable,2,DOT-Compliant Motorcycle Helmet,1,Not Deployed,1,No,1,No Contributing Action,88,Not Applicable,88,Not Applicable,88,Not Applicable,1,Not Distracted,,,,,,,,,,,,,,,,,,,,,,,11,"First Row, Left Seat",,New Haven,UnitedStates,1,Not Licensed,,88,1,No,3,EMS Ground,NH AMR,YALE-NH HOSP
888070,2,2,33,1,Male,CT,6472,1,Driver,O,No Apparent Injury (O),1,Apparently Normal,,,0,None taken,1,Test Not Given,88,Not Applicable,1,Test Not Given,88,Not Applicable,1,Not Ejected,99,Unknown,88,Not Applicable,1,Not Deployed,1,No,1,No Contributing Action,88,Not Applicable,88,Not Applicable,88,Not Applicable,1,Not Distracted,,,,,,,,,,,,,,,,,,,,,,,11,"First Row, Left Seat",,Northford,UnitedStates,2,State,CT,4,1,No,1,Not Transported,,
888070,1,1,31,2,Female,CT,6519,1,Driver,O,No Apparent Injury (O),1,Apparently Normal,,,1,Verbal Warning,1,Test Not Given,88,Not Applicable,1,Test Not Given,88,Not Applicable,1,Not Ejected,99,Unknown,88,Not Applicable,1,Not Deployed,1,No,10,Improper Passing,88,Not Applicable,88,Not Applicable,88,Not Applicable,1,Not Distracted,,,,,,,,,,,,,,,,,,,,,,,11,"First Row, Left Seat",,New Haven,UnitedStates,1,Not Licensed,CT,88,1,No,1,Not Transported,,
888075,1,1,34,2,Female,CT,6896,1,Driver,O,No Apparent Injury (O),1,Apparently Normal,,,1,Verbal Warning,1,Test Not Given,88,Not Applicable,1,Test Not Given,88,Not Applicable,1,Not Ejected,99,Unknown,88,Not Applicable,1,Not Deployed,1,No,12,Followed Too Closely,88,Not Applicable,88,Not Applicable,88,Not Applicable,1,Not Distracted,,,,,,,,,,,,,,,,,,,,,,,11,"First Row, Left Seat",,Redding,UnitedStates,2,State,CT,4,1,No,1,Not Transported,,
888085,1,1,52,1,Male,CT,6515,1,Driver,C,Possible Injury (C),1,Apparently Normal,1,Apparently Normal,0,None taken,1,Test Not Given,88,Not Applicable,1,Test Not Given,88,Not Applicable,1,Not Ejected,1,Shoulder and Lap Belt Used,88,Not Applicable,1,Not Deployed,1,No,1,No Contributing Action,88,Not Applicable,88,Not Applicable,88,Not Applicable,1,Not Distracted,,,,,,,,,,,,,,,,,,,,,,,11,"First Row, Left Seat",,New Haven,UnitedStates,2,State,CT,4,1,No,1,Not Transported,,
888076,1,1,26,1,Male,CT,6513,1,Driver,O,No Apparent Injury (O),1,Apparently Normal,,,3,Infraction,1,Test Not Given,88,Not Applicable,1,Test Not Given,88,Not Applicable,1,Not Ejected,1,Shoulder and Lap Belt Used,88,Not Applicable,1,Not Deployed,1,No,1,No Contributing Action,88,Not Applicable,88,Not Applicable,88,Not Applicable,1,Not Distracted,,,,,,,,,,,,,,,,,,,,,,,11,"First Row, Left Seat",,New Haven,UnitedStates,2,State,CT,4,1,No,1,Not Transported,,
888079,1,1,27,1,Male,CT,6513,1,Driver,O,No Apparent Injury (O),1,Apparently Normal,,,4,Arrest/Summons,1,Test Not Given,88,Not Applicable,1,Test Not Given,88,Not Applicable,1,Not Ejected,88,Not Applicable,88,Not Applicable,1,Not Deployed,1,No,3,Failed to Yield Right-of-Way,88,Not Applicable,88,Not Applicable,88,Not Applicable,99,Unknown if Distracted,,,,,,,,,,,,,,,,,,,,,,,11,"First Row, Left Seat",,New Haven,UnitedStates,2,State,CT,4,1,No,1,Not Transported,,
888089,2,2,30,2,Female,CT,6516,1,Driver,C,Possible Injury (C),1,Apparently Normal,1,Apparently Normal,0,None taken,1,Test Not Given,88,Not Applicable,1,Test Not Given,88,Not Applicable,1,Not Ejected,1,Shoulder and Lap Belt Used,88,Not Applicable,1,Not Deployed,1,No,1,No Contributing Action,88,Not Applicable,88,Not Applicable,88,Not Applicable,1,Not Distracted,,,,,,,,,,,,,,,,,,,,,,,11,"First Row, Left Seat",,West Haven,UnitedStates,2,State,CT,4,1,No,3,EMS Ground,AMER MED RESPONSE,YALE-NH HOSP
888080,1,1,37,2,Female,CT,6511,1,Driver,O,No Apparent Injury (O),1,Apparently Normal,1,Apparently Normal,4,Arrest/Summons,1,Test Not Given,88,Not Applicable,1,Test Not Given,88,Not Applicable,1,Not Ejected,1,Shoulder and Lap Belt Used,88,Not Applicable,1,Not Deployed,1,No,1,No Contributing Action,88,Not Applicable,88,Not Applicable,88,Not Applicable,1,Not Distracted,,,,,,,,,,,,,,,,,,,,,,,11,"First Row, Left Seat",,New Haven,UnitedStates,1,Not Licensed,CT,0,1,No,1,Not Transported,,
888085,2,2,23,1,Male,MA,2760,1,Driver,O,No Apparent Injury (O),1,Apparently Normal,1,Apparently Normal,1,Verbal Warning,1,Test Not Given,88,Not Applicable,1,Test Not Given,88,Not Applicable,1,Not Ejected,1,Shoulder and Lap Belt Used,88,Not Applicable,1,Not Deployed,1,No,3,Failed to Yield Right-of-Way,88,Not Applicable,88,Not Applicable,88,Not Applicable,1,Not Distracted,,,,,,,,,,,,,,,,,,,,,,,11,"First Row, Left Seat",,North Attleboro,UnitedStates,2,State,MA,4,1,No,1,Not Transported,,
888089,1,1,22,1,Male,CT,6516,1,Driver,C,Possible Injury (C),1,Apparently Normal,1,Apparently Normal,1,Verbal Warning,1,Test Not Given,88,Not Applicable,1,Test Not Given,88,Not Applicable,1,Not Ejected,0,None Used-Motor Vehicle Occupant,88,Not Applicable,6,Deployed-Combination,1,No,12,Followed Too Closely,88,Not Applicable,88,Not Applicable,88,Not Applicable,1,Not Distracted,,,,,,,,,,,,,,,,,,,,,,,11,"First Row, Left Seat",,West Haven,UnitedStates,2,State,CT,4,1,No,3,EMS Ground,AMER MED RESPONSE,ST RAPHAELS-YNHH
888093,2,2,33,2,Female,CT,,1,Driver,A,Suspected Serious Injury (A),1,Apparently Normal,,,0,None taken,1,Test Not Given,88,Not Applicable,1,Test Not Given,88,Not Applicable,1,Not Ejected,4,"Restraint Used, Type Unknown",88,Not Applicable,6,Deployed-Combination,1,No,1,No Contributing Action,88,Not Applicable,88,Not Applicable,88,Not Applicable,1,Not Distracted,,,,,,,,,,,,,,,,,,,,,,,11,"First Row, Left Seat",,Glastonbury,UnitedStates,2,State,CT,4,1,No,3,EMS Ground,AMER MED RESPONSE,YALE-NH HOSP
888100,1,1,64,1,Male,CT,6516,1,Driver,B,Suspected Minor Injury (B),99,Unknown,99,Unknown,4,Arrest/Summons,1,Test Not Given,88,Not Applicable,1,Test Not Given,88,Not Applicable,1,Not Ejected,99,Unknown,99,Unknown,99,Unknown,1,No,15,"Operated Motor Vehicle in Inattentive, Careless, Negligent, or Erratic Manner",88,Not Applicable,88,Not Applicable,88,Not Applicable,99,Unknown if Distracted,,,,,,,,,,,,,,,,,,,,,,,11,"First Row, Left Seat",,West Haven,UnitedStates,2,State,CT,4,1,No,3,EMS Ground,AMER MED RESPONSE,ST RAPHAELS-YNHH
888102,1,1,32,2,Female,CT,,1,Driver,C,Possible Injury (C),1,Apparently Normal,1,Apparently Normal,1,Verbal Warning,1,Test Not Given,88,Not Applicable,1,Test Not Given,88,Not Applicable,1,Not Ejected,99,Unknown,88,Not Applicable,1,Not Deployed,1,No,3,Failed to Yield Right-of-Way,88,Not Applicable,88,Not Applicable,88,Not Applicable,1,Not Distracted,,,,,,,,,,,,,,,,,,,,,,,11,"First Row, Left Seat",,Wallingford,UnitedStates,2,State,CT,4,1,No,1,Not Transported,,
888093,1,1,31,1,Male,CT,6512,1,Driver,O,No Apparent Injury (O),1,Apparently Normal,,,1,Verbal Warning,1,Test Not Given,88,Not Applicable,1,Test Not Given,88,Not Applicable,1,Not Ejected,4,"Restraint Used, Type Unknown",88,Not Applicable,1,Not Deployed,1,No,4,Ran Red Light,88,Not Applicable,88,Not Applicable,88,Not Applicable,1,Not Distracted,,,,,,,,,,,,,,,,,,,,,,,11,"First Row, Left Seat",,East Haven,UnitedStates,2,State,CT,4,1,No,1,Not Transported,,
888104,2,3,38,2,Female,CT,6512,1,Driver,C,Possible Injury (C),1,Apparently Normal,,,0,None taken,1,Test Not Given,88,Not Applicable,1,Test Not Given,88,Not Applicable,1,Not Ejected,1,Shoulder and Lap Belt Used,88,Not Applicable,1,Not Deployed,1,No,1,No Contributing Action,88,Not Applicable,88,Not Applicable,88,Not Applicable,1,Not Distracted,,,,,,,,,,,,,,,,,,,,,,,11,"First Row, Left Seat",,New Haven,UnitedStates,2,State,CT,4,1,No,1,Not Transported,,