CrashId,VehicleId,PersonId,Age,Gender,Gender Text Format,State,Postal Code,Person Type,Person Type Text Format,Injury Status,Injury Status Text Format,Condition at Time of Crash,Condition at Time of Crash Text Format,Condition at Time of Crash2,Condition at Time of Crash2 Text Format,Action Taken by Officer,Action Taken by Officer Text Format,Alcohol Test Status,Alcohol Test Status Text Format,Type Of Alcohol Test,Type Of Alcohol Test Text Format,Drug Test Status,Drug Test Status Text Format,Type Of Drig Test,Type Of Drig Test Text Format,Ejection Status,Ejection Status Text Format,Restraint System,Restraint System Text Format,Helmet Use,Helmet Use Text Format,Air Bag Status,Air Bag Status Text Format,Speeding Related,Speeding Related Text Format,Driver Actions 1,Driver Actions 1 Text Format,Driver Actions 2,Driver Actions 2 Text Format,Driver Actions 3,Driver Actions 3 Text Format,Driver Actions 4,Driver Actions 4 Text Format,Driver Distracted By,Driver Distracted By Text Format,Roadway On Which Nonmotorist Was Traveling/Located,Direction nonmotorist was traveling,Direction Unknown,Striking Motor Vehicle ID,Bicycle ID,Non-Motorist Not In Roadway,Actions or Circumstances Prior to Crash,Actions or Circumstances Prior to Crash Text Format,To or From School,To or From School Text Format,Actions or Circumstances At Time Of Crash,Actions or Circumstances At Time Of Crash Text Format,Actions or Circumstances At Time Of Crash2,Actions or Circumstances At Time Of Crash2 Text Format,Location At Time Of Crash,Location At Time Of Crash Text Format,Safety Equipment,Safety Equipment Text Format,Safety Equipment2,Safety Equipment2 Text Format,Non-motorist Distracted By,Non-motorist Distracted By Text Format,Seating Position,Seating Position Text Format,Seating Position for Bus,City,Country,Driver License Jurisdiction,Driver License Jurisdiction Text Format,Drivers License Issued By,Drivers License Class,Commercial License Class,Commercial License Class Text Format,Transported to First Medical Facility By,Transported to First Medical Facility By Text Format,Name of the EMS agency,Name of the Intended Receiving Facility
1081397,1,1,19,2,Female,FL,33319,1,Driver,C,Possible Injury (C),3,"Emotional (depressed, angry, disturbed, etc.)",3,"Emotional (depressed, angry, disturbed, etc.)",4,Arrest/Summons,1,Test Not Given,88,Not Applicable,1,Test Not Given,88,Not Applicable,1,Not Ejected,99,Unknown,88,Not Applicable,1,Not Deployed,1,No,12,Followed Too Closely,88,Not Applicable,88,Not Applicable,88,Not Applicable,1,Not Distracted,,,,,,,,,,,,,,,,,,,,,,,11,"First Row, Left Seat",,Lauderhill,UnitedStates,2,State,FL,88,1,No,3,EMS Ground,AMER MED RESPONSE,ST RAPHAELS-YNHH
1080386,2,2,38,2,Female,CT,6513,1,Driver,O,No Apparent Injury (O),1,Apparently Normal,1,Apparently Normal,0,None taken,1,Test Not Given,88,Not Applicable,1,Test Not Given,88,Not Applicable,1,Not Ejected,1,Shoulder and Lap Belt Used,88,Not Applicable,1,Not Deployed,1,No,1,No Contributing Action,88,Not Applicable,88,Not Applicable,88,Not Applicable,1,Not Distracted,,,,,,,,,,,,,,,,,,,,,,,,,11,New Haven,UnitedStates,2,State,CT,2,2,Yes,1,Not Transported,,
1081406,2,3,64,1,Male,CT,6517,1,Driver,C,Possible Injury (C),1,Apparently Normal,,,0,None taken,1,Test Not Given,88,Not Applicable,1,Test Not Given,88,Not Applicable,1,Not Ejected,1,Shoulder and Lap Belt Used,88,Not Applicable,1,Not Deployed,1,No,1,No Contributing Action,88,Not Applicable,88,Not Applicable,88,Not Applicable,1,Not Distracted,,,,,,,,,,,,,,,,,,,,,,,11,"First Row, Left Seat",,Hamden,UnitedStates,2,State,CT,4,1,No,1,Not Transported,,
1080390,1,1,33,2,Female,CT,6472,1,Driver,O,No Apparent Injury (O),1,Apparently Normal,1,Apparently Normal,0,None taken,1,Test Not Given,88,Not Applicable,1,Test Not Given,88,Not Applicable,1,Not Ejected,99,Unknown,88,Not Applicable,1,Not Deployed,1,No,1,No Contributing Action,88,Not Applicable,88,Not Applicable,88,Not Applicable,99,Unknown if Distracted,,,,,,,,,,,,,,,,,,,,,,,11,"First Row, Left Seat",,Northford,UnitedStates,2,State,CT,99,1,No,1,Not Transported,,
1081410,2,2,38,2,Female,CT,6511,1,Driver,C,Possible Injury (C),1,Apparently Normal,,,0,None taken,1,Test Not Given,88,Not Applicable,1,Test Not Given,88,Not Applicable,1,Not Ejected,1,Shoulder and Lap Belt Used,88,Not Applicable,1,Not Deployed,1,No,1,No Contributing Action,88,Not Applicable,88,Not Applicable,88,Not Applicable,1,Not Distracted,,,,,,,,,,,,,,,,,,,,,,,11,"First Row, Left Seat",,New Haven,UnitedStates,2,State,CT,4,1,No,1,Not Transported,,
1081416,1,1,30,2,Female,CT,6513,1,Driver,C,Possible Injury (C),1,Apparently Normal,1,Apparently Normal,0,None taken,1,Test Not Given,88,Not Applicable,1,Test Not Given,88,Not Applicable,1,Not Ejected,99,Unknown,88,Not Applicable,6,Deployed-Combination,1,No,1,No Contributing Action,88,Not Applicable,88,Not Applicable,88,Not Applicable,1,Not Distracted,,,,,,,,,,,,,,,,,,,,,,,11,"First Row, Left Seat",,New Haven,UnitedStates,2,State,CT,4,1,No,3,EMS Ground,AMER MED RESPONSE,YALE-NH HOSP
1080749,1,1,33,1,Male,CT,,1,Driver,O,No Apparent Injury (O),1,Apparently Normal,1,Apparently Normal,0,None taken,1,Test Not Given,88,Not Applicable,1,Test Not Given,88,Not Applicable,1,Not Ejected,99,Unknown,88,Not Applicable,1,Not Deployed,1,No,1,No Contributing Action,88,Not Applicable,88,Not Applicable,88,Not Applicable,1,Not Distracted,,,,,,,,,,,,,,,,,,,,,,,11,"First Row, Left Seat",,New Haven,UnitedStates,,,CT,,,,1,Not Transported,,
1080756,2,2,29,1,Male,PA,16823,1,Driver,O,No Apparent Injury (O),1,Apparently Normal,,,0,None taken,1,Test Not Given,88,Not Applicable,1,Test Not Given,88,Not Applicable,1,Not Ejected,1,Shoulder and Lap Belt Used,88,Not Applicable,1,Not Deployed,1,No,1,No Contributing Action,88,Not Applicable,88,Not Applicable,88,Not Applicable,1,Not Distracted,,,,,,,,,,,,,,,,,,,,,,,11,"First Row, Left Seat",,Bellefonte,UnitedStates,2,State,PA,1,2,Yes,1,Not Transported,,
1080765,1,1,31,1,Male,PA,19104,1,Driver,O,No Apparent Injury (O),1,Apparently Normal,,,1,Verbal Warning,1,Test Not Given,88,Not Applicable,1,Test Not Given,88,Not Applicable,1,Not Ejected,1,Shoulder and Lap Belt Used,88,Not Applicable,1,Not Deployed,1,No,12,Followed Too Closely,88,Not Applicable,88,Not Applicable,88,Not Applicable,1,Not Distracted,,,,,,,,,,,,,,,,,,,,,,,11,"First Row, Left Seat",,Phildelphia,UnitedStates,2,State,PA,3,1,No,1,Not Transported,,
1080765,2,2,32,1,Male,CT,6776,1,Driver,O,No Apparent Injury (O),1,Apparently Normal,,,0,None taken,1,Test Not Given,88,Not Applicable,1,Test Not Given,88,Not Applicable,1,Not Ejected,1,Shoulder and Lap Belt Used,88,Not Applicable,1,Not Deployed,1,No,1,No Contributing Action,88,Not Applicable,88,Not Applicable,88,Not Applicable,1,Not Distracted,,,,,,,,,,,,,,,,,,,,,,,11,"First Row, Left Seat",,New Milford,UnitedStates,2,State,CT,4,1,No,1,Not Transported,,
1081419,1,1,57,2,Female,CT,6511,1,Driver,C,Possible Injury (C),1,Apparently Normal,,,1,Verbal Warning,1,Test Not Given,88,Not Applicable,1,Test Not Given,88,Not Applicable,1,Not Ejected,99,Unknown,88,Not Applicable,2,Deployed-Front,1,No,5,Ran Stop Sign,88,Not Applicable,88,Not Applicable,88,Not Applicable,99,Unknown if Distracted,,,,,,,,,,,,,,,,,,,,,,,11,"First Row, Left Seat",,New Haven,UnitedStates,2,State,CT,4,1,No,3,EMS Ground,AMER MED RESPONSE,ST RAPHAELS-YNHH
1081425,2,3,67,1,Male,CT,6477,1,Driver,B,Suspected Minor Injury (B),1,Apparently Normal,,,0,None taken,1,Test Not Given,88,Not Applicable,1,Test Not Given,88,Not Applicable,1,Not Ejected,1,Shoulder and Lap Belt Used,88,Not Applicable,1,Not Deployed,1,No,1,No Contributing Action,88,Not Applicable,88,Not Applicable,88,Not Applicable,1,Not Distracted,,,,,,,,,,,,,,,,,,,,,,,11,"First Row, Left Seat",,Orange,UnitedStates,2,State,CT,4,1,No,1,Not Transported,,
1081392,1,1,34,2,Female,CT,44124,1,Driver,O,No Apparent Injury (O),1,Apparently Normal,1,Apparently Normal,1,Verbal Warning,1,Test Not Given,88,Not Applicable,1,Test Not Given,88,Not Applicable,1,Not Ejected,1,Shoulder and Lap Belt Used,88,Not Applicable,1,Not Deployed,1,No,12,Followed Too Closely,88,Not Applicable,88,Not Applicable,88,Not Applicable,6,Passenger,,,,,,,,,,,,,,,,,,,,,,,11,"First Row, Left Seat",,New Haven,UnitedStates,2,State,OH,4,1,No,1,Not Transported,,
1081392,2,3,42,1,Male,CT,6512,1,Driver,O,No Apparent Injury (O),1,Apparently Normal,1,Apparently Normal,1,Verbal Warning,1,Test Not Given,88,Not Applicable,1,Test Not Given,88,Not Applicable,1,Not Ejected,1,Shoulder and Lap Belt Used,88,Not Applicable,1,Not Deployed,1,No,1,No Contributing Action,88,Not Applicable,88,Not Applicable,88,Not Applicable,1,Not Distracted,,,,,,,,,,,,,,,,,,,,,,,11,"First Row, Left Seat",,East Haven,UnitedStates,2,State,CT,4,1,No,1,Not Transported,,
1081425,1,1,35,1,Male,VA,23602,1,Driver,C,Possible Injury (C),1,Apparently Normal,,,1,Verbal Warning,1,Test Not Given,88,Not Applicable,1,Test Not Given,88,Not Applicable,1,Not Ejected,1,Shoulder and Lap Belt Used,88,Not Applicable,6,Deployed-Combination,1,No,8,Improper Turn,88,Not Applicable,88,Not Applicable,88,Not Applicable,1,Not Distracted,,,,,,,,,,,,,,,,,,,,,,,11,"First Row, Left Seat",,Newport News,UnitedStates,2,State,VA,4,1,No,1,Not Transported,,
1081393,2,2,42,1,Male,CT,6405,1,Driver,O,No Apparent Injury (O),99,Unknown,99,Unknown,1,Verbal Warning,1,Test Not Given,88,Not Applicable,1,Test Not Given,88,Not Applicable,1,Not Ejected,99,Unknown,88,Not Applicable,1,Not Deployed,1,No,12,Followed Too Closely,88,Not Applicable,88,Not Applicable,88,Not Applicable,99,Unknown if Distracted,,,,,,,,,,,,,,,,,,,,,,,11,"First Row, Left Seat",,Branford,UnitedStates,2,State,CT,4,1,No,1,Not Transported,,
1081952,1,1,29,1,Male,CT,,1,Driver,C,Possible Injury (C),1,Apparently Normal,,,1,Verbal Warning,1,Test Not Given,88,Not Applicable,1,Test Not Given,88,Not Applicable,1,Not Ejected,99,Unknown,88,Not Applicable,1,Not Deployed,1,No,4,Ran Red Light,88,Not Applicable,88,Not Applicable,88,Not Applicable,99,Unknown if Distracted,,,,,,,,,,,,,,,,,,,,,,,11,"First Row, Left Seat",,New Haven,UnitedStates,2,State,CT,4,2,Yes,1,Not Transported,,
1081396,1,1,63,2,Female,CT,6478,1,Driver,O,No Apparent Injury (O),1,Apparently Normal,1,Apparently Normal,0,None taken,1,Test Not Given,88,Not Applicable,1,Test Not Given,88,Not Applicable,1,Not Ejected,99,Unknown,88,Not Applicable,1,Not Deployed,1,No,1,No Contributing Action,88,Not Applicable,88,Not Applicable,88,Not Applicable,1,Not Distracted,,,,,,,,,,,,,,,,,,,,,,,11,"First Row, Left Seat",,Oxford,UnitedStates,2,State,CT,4,1,No,1,Not Transported,,
1081956,1,1,23,2,Female,CT,6533,1,Driver,C,Possible Injury (C),1,Apparently Normal,1,Apparently Normal,1,Verbal Warning,1,Test Not Given,88,Not Applicable,1,Test Not Given,88,Not Applicable,1,Not Ejected,99,Unknown,88,Not Applicable,2,Deployed-Front,1,No,13,Failed to Keep in Proper Lane,88,Not Applicable,88,Not Applicable,88,Not Applicable,99,Unknown if Distracted,,,,,,,,,,,,,,,,,,,,,,,11,"First Row, Left Seat",,Hamden,UnitedStates,2,State,CT,4,1,No,3,EMS Ground,AMER MED RESPONSE,ST RAPHAELS-YNHH
1081397,2,2,76,1,Male,CT,6512,1,Driver,O,No Apparent Injury (O),1,Apparently Normal,1,Apparently Normal,0,None taken,1,Test Not Given,88,Not Applicable,1,Test Not Given,88,Not Applicable,1,Not Ejected,99,Unknown,88,Not Applicable,1,Not Deployed,1,No,1,No Contributing Action,88,Not Applicable,88,Not Applicable,88,Not Applicable,1,Not Distracted,,,,,,,,,,,,,,,,,,,,,,,11,"First Row, Left Seat",,East Haven,UnitedStates,2,State,CT,2,2,Yes,1,Not Transported,,
1081958,1,1,79,1,Male,CT,6606,1,Driver,B,Suspected Minor Injury (B),1,Apparently Normal,1,Apparently Normal,0,None taken,1,Test Not Given,88,Not Applicable,1,Test Not Given,88,Not Applicable,1,Not Ejected,99,Unknown,88,Not Applicable,1,Not Deployed,1,No,1,No Contributing Action,88,Not Applicable,88,Not Applicable,88,Not Applicable,1,Not Distracted,,,,,,,,,,,,,,,,,,,,,,,11,"First Row, Left Seat",,Bridgeport,UnitedStates,2,State,CT,4,1,No,3,EMS Ground,AMER MED RESPONSE,YALE-NH HOSP
1081406,1,1,69,2,Female,CT,6405,1,Driver,O,No Apparent Injury (O),1,Apparently Normal,,,1,Verbal Warning,1,Test Not Given,88,Not Applicable,1,Test Not Given,88,Not Applicable,1,Not Ejected,1,Shoulder and Lap Belt Used,88,Not Applicable,1,Not Deployed,1,No,13,Failed to Keep in Proper Lane,88,Not Applicable,88,Not Applicable,88,Not Applicable,1,Not Distracted,,,,,,,,,,,,,,,,,,,,,,,11,"First Row, Left Seat",,Branford,UnitedStates,2,State,CT,4,1,No,1,Not Transported,,
1081409,2,1,55,2,Female,CT,,1,Driver,O,No Apparent Injury (O),1,Apparently Normal,,,0,None taken,1,Test Not Given,88,Not Applicable,1,Test Not Given,88,Not Applicable,1,Not Ejected,4,"Restraint Used, Type Unknown",88,Not Applicable,1,Not Deployed,1,No,16,"Swerved or Avoided Due to Wind, Slippery Surface, Motor Vehicle, Object, Non-Motorist in Roadway, etc.",88,Not Applicable,88,Not Applicable,88,Not Applicable,1,Not Distracted,,,,,,,,,,,,,,,,,,,,,,,,,11,New Haven,UnitedStates,2,State,CT,2,2,Yes,1,Not Transported,,
1082370,1,1,51,1,Male,CT,,1,Driver,C,Possible Injury (C),99,Unknown,,,0,None taken,1,Test Not Given,88,Not Applicable,1,Test Not Given,88,Not Applicable,1,Not Ejected,1,Shoulder and Lap Belt Used,88,Not Applicable,6,Deployed-Combination,1,No,1,No Contributing Action,88,Not Applicable,88,Not Applicable,88,Not Applicable,1,Not Distracted,,,,,,,,,,,,,,,,,,,,,,,11,"First Row, Left Seat",,New Haven,UnitedStates,2,State,CT,4,1,No,1,Not Transported,,
1082371,2,2,27,2,Female,CT,6516,1,Driver,C,Possible Injury (C),1,Apparently Normal,1,Apparently Normal,0,None taken,1,Test Not Given,88,Not Applicable,1,Test Not Given,88,Not Applicable,1,Not Ejected,1,Shoulder and Lap Belt Used,88,Not Applicable,1,Not Deployed,1,No,1,No Contributing Action,88,Not Applicable,88,Not Applicable,88,Not Applicable,1,Not Distracted,,,,,,,,,,,,,,,,,,,,,,,11,"First Row, Left Seat",,West Haven,UnitedStates,2,State,CT,4,1,No,1,Not Transported,,
1082372,2,4,52,2,Female,CT,6513,1,Driver,C,Possible Injury (C),1,Apparently Normal,1,Apparently Normal,0,None taken,1,Test Not Given,88,Not Applicable,1,Test Not Given,88,Not Applicable,1,Not Ejected,1,Shoulder and Lap Belt Used,88,Not Applicable,2,Deployed-Front,1,No,1,No Contributing Action,88,Not Applicable,88,Not Applicable,88,Not Applicable,1,Not Distracted,,,,,,,,,,,,,,,,,,,,,,,11,"First Row, Left Seat",,New Haven,UnitedStates,2,State,CT,4,1,No,3,EMS Ground,AMER MED RESPONSE,YALE-NH HOSP
1082375,2,2,40,1,Male,CT,,1,Driver,B,Suspected Minor Injury (B),1,Apparently Normal,,,3,Infraction,1,Test Not Given,88,Not Applicable,1,Test Not Given,88,Not Applicable,1,Not Ejected,88,Not Applicable,99,Unknown,88,Not applicable,1,No,1,No Contributing Action,88,Not Applicable,88,Not Applicable,88,Not Applicable,99,Unknown if Distracted,,,,,,,,,,,,,,,,,,,,,,,11,"First Row, Left Seat",,New Haven,UnitedStates,2,State,CT,4,2,Yes,3,EMS Ground,AMER MED RESPONSE,ST RAPHAELS-YNHH
1082376,1,1,29,1,Male,CT,6511,1,Driver,A,Suspected Serious Injury (A),1,Apparently Normal,,,1,Verbal Warning,1,Test Not Given,88,Not Applicable,1,Test Not Given,88,Not Applicable,1,Not Ejected,99,Unknown,88,Not Applicable,2,Deployed-Front,1,No,1,No Contributing Action,88,Not Applicable,88,Not Applicable,88,Not Applicable,99,Unknown if Distracted,,,,,,,,,,,,,,,,,,,,,,,11,"First Row, Left Seat",,New Haven,UnitedStates,2,State,CT,4,2,Yes,3,EMS Ground,AMER MED RESPONSE,YALE-NH HOSP
1081429,2,2,24,1,Male,CT,6615,1,Driver,O,No Apparent Injury (O),1,Apparently Normal,,,0,None taken,1,Test Not Given,88,Not Applicable,1,Test Not Given,88,Not Applicable,1,Not Ejected,99,Unknown,88,Not Applicable,2,Deployed-Front,1,No,1,No Contributing Action,88,Not Applicable,88,Not Applicable,88,Not Applicable,1,Not Distracted,,,,,,,,,,,,,,,,,,,,,,,11,"First Row, Left Seat",,Stratford,UnitedStates,2,State,CT,4,1,No,1,Not Transported,,
1081429,1,1,17,1,Male,CT,6511,1,Driver,O,No Apparent Injury (O),1,Apparently Normal,,,1,Verbal Warning,1,Test Not Given,88,Not Applicable,1,Test Not Given,88,Not Applicable,1,Not Ejected,99,Unknown,88,Not Applicable,2,Deployed-Front,1,No,3,Failed to Yield Right-of-Way,88,Not Applicable,88,Not Applicable,88,Not Applicable,1,Not Distracted,,,,,,,,,,,,,,,,,,,,,,,11,"First Row, Left Seat",,New Haven,UnitedStates,1,Not Licensed,CT,0,1,No,1,Not Transported,,
1081952,2,2,52,1,Male,CT,,1,Driver,O,No Apparent Injury (O),1,Apparently Normal,,,0,None taken,1,Test Not Given,88,Not Applicable,1,Test Not Given,88,Not Applicable,1,Not Ejected,99,Unknown,88,Not Applicable,1,Not Deployed,1,No,1,No Contributing Action,88,Not Applicable,88,Not Applicable,88,Not Applicable,99,Unknown if Distracted,,,,,,,,,,,,,,,,,,,,,,,11,"First Row, Left Seat",,New Haven,UnitedStates,2,State,CT,4,2,Yes,1,Not Transported,,
1082376,2,2,32,1,Male,CT,6511,1,Driver,A,Suspected Serious Injury (A),97,Other,,,1,Verbal Warning,1,Test Not Given,88,Not Applicable,1,Test Not Given,88,Not Applicable,1,Not Ejected,99,Unknown,88,Not Applicable,6,Deployed-Combination,1,No,4,Ran Red Light,88,Not Applicable,88,Not Applicable,88,Not Applicable,99,Unknown if Distracted,,,,,,,,,,,,,,,,,,,,,,,11,"First Row, Left Seat",,New Haven,UnitedStates,2,State,CT,4,2,Yes,3,EMS Ground,AMER MED RESPONSE,YALE-NH HOSP
1082386,2,3,,99,Unknown,,,1,Driver,C,Possible Injury (C),1,Apparently Normal,1,Apparently Normal,0,None taken,1,Test Not Given,88,Not Applicable,1,Test Not Given,88,Not Applicable,1,Not Ejected,99,Unknown,1,No Helmet,1,Not Deployed,1,No,10,Improper Passing,88,Not Applicable,88,Not Applicable,88,Not Applicable,1,Not Distracted,,,,,,,,,,,,,,,,,,,,,,,11,"First Row, Left Seat",,,UnitedStates,99,Unknown,,99,,,1,Not Transported,,
1081958,2,2,25,1,Male,CT,6511,1,Driver,O,No Apparent Injury (O),1,Apparently Normal,1,Apparently Normal,1,Verbal Warning,1,Test Not Given,88,Not Applicable,1,Test Not Given,88,Not Applicable,1,Not Ejected,99,Unknown,88,Not Applicable,1,Not Deployed,1,No,1,No Contributing Action,88,Not Applicable,88,Not Applicable,88,Not Applicable,1,Not Distracted,,,,,,,,,,,,,,,,,,,,,,,11,"First Row, Left Seat",,New Haven,UnitedStates,7,"International License (other than Mexico, Canada)",,0,1,No,1,Not Transported,,
1083065,1,1,38,2,Female,CT,6511,1,Driver,C,Possible Injury (C),1,Apparently Normal,1,Apparently Normal,1,Verbal Warning,1,Test Not Given,88,Not Applicable,1,Test Not Given,88,Not Applicable,1,Not Ejected,1,Shoulder and Lap Belt Used,88,Not Applicable,1,Not Deployed,1,No,1,No Contributing Action,88,Not Applicable,88,Not Applicable,88,Not Applicable,1,Not Distracted,,,,,,,,,,,,,,,,,,,,,,,11,"First Row, Left Seat",,New Haven,UnitedStates,2,State,CT,4,1,No,1,Not Transported,,
1082368,2,3,28,1,Male,CT,6472,1,Driver,O,No Apparent Injury (O),1,Apparently Normal,,,0,None taken,1,Test Not Given,88,Not Applicable,1,Test Not Given,88,Not Applicable,1,Not Ejected,1,Shoulder and Lap Belt Used,88,Not Applicable,1,Not Deployed,1,No,1,No Contributing Action,88,Not Applicable,88,Not Applicable,88,Not Applicable,1,Not Distracted,,,,,,,,,,,,,,,,,,,,,,,11,"First Row, Left Seat",,Northford,UnitedStates,2,State,CT,1,1,No,1,Not Transported,,
1082368,1,1,54,1,Male,CT,,1,Driver,O,No Apparent Injury (O),1,Apparently Normal,,,4,Arrest/Summons,1,Test Not Given,88,Not Applicable,1,Test Not Given,88,Not Applicable,1,Not Ejected,99,Unknown,88,Not Applicable,2,Deployed-Front,1,No,13,Failed to Keep in Proper Lane,8,Improper Turn,88,Not Applicable,88,Not Applicable,99,Unknown if Distracted,,,,,,,,,,,,,,,,,,,,,,,11,"First Row, Left Seat",,New Haven,UnitedStates,1,Not Licensed,CT,0,1,No,1,Not Transported,,
1082368,3,4,21,2,Female,CT,6513,1,Driver,O,No Apparent Injury (O),1,Apparently Normal,,,0,None taken,1,Test Not Given,88,Not Applicable,1,Test Not Given,88,Not Applicable,1,Not Ejected,88,Not Applicable,88,Not Applicable,1,Not Deployed,1,No,1,No Contributing Action,88,Not Applicable,88,Not Applicable,88,Not Applicable,1,Not Distracted,,,,,,,,,,,,,,,,,,,,,,,11,"First Row, Left Seat",,New Haven,UnitedStates,2,State,CT,4,1,No,1,Not Transported,,
1083066,1,1,34,1,Male,NY,10456,1,Driver,C,Possible Injury (C),1,Apparently Normal,1,Apparently Normal,1,Verbal Warning,1,Test Not Given,88,Not Applicable,1,Test Not Given,88,Not Applicable,1,Not Ejected,88,Not Applicable,88,Not Applicable,1,Not Deployed,1,No,10,Improper Passing,1,No Contributing Action,1,No Contributing Action,1,No Contributing Action,1,Not Distracted,,,,,,,,,,,,,,,,,,,,,,,11,"First Row, Left Seat",,Bronx,UnitedStates,2,State,NY,4,1,No,3,EMS Ground,AMERICAN MEDICAL RESPONSE,YALE-NH HOSP
1082370,2,5,54,1,Male,CT,6513,1,Driver,O,No Apparent Injury (O),1,Apparently Normal,,,1,Verbal Warning,1,Test Not Given,88,Not Applicable,1,Test Not Given,88,Not Applicable,1,Not Ejected,1,Shoulder and Lap Belt Used,88,Not Applicable,1,Not Deployed,1,No,9,Improper Backing,88,Not Applicable,88,Not Applicable,88,Not Applicable,1,Not Distracted,,,,,,,,,,,,,,,,,,,,,,,11,"First Row, Left Seat",,New Haven,UnitedStates,2,State,CT,4,1,No,1,Not Transported,,
1083069,1,1,37,1,Male,CT,6513,1,Driver,B,Suspected Minor Injury (B),1,Apparently Normal,1,Apparently Normal,4,Arrest/Summons,1,Test Not Given,88,Not Applicable,1,Test Not Given,88,Not Applicable,1,Not Ejected,4,"Restraint Used, Type Unknown",88,Not Applicable,6,Deployed-Combination,1,No,8,Improper Turn,88,Not Applicable,88,Not Applicable,88,Not Applicable,1,Not Distracted,,,,,,,,,,,,,,,,,,,,,,,11,"First Row, Left Seat",,New Haven,UnitedStates,2,State,CT,4,1,No,3,EMS Ground,AMER MED RESPONSE,YALE-NH HOSP
1083085,2,2,62,2,Female,CT,6614,1,Driver,C,Possible Injury (C),1,Apparently Normal,1,Apparently Normal,0,None taken,1,Test Not Given,88,Not Applicable,1,Test Not Given,88,Not Applicable,1,Not Ejected,99,Unknown,88,Not Applicable,6,Deployed-Combination,1,No,1,No Contributing Action,88,Not Applicable,88,Not Applicable,88,Not Applicable,1,Not Distracted,,,,,,,,,,,,,,,,,,,,,,,11,"First Row, Left Seat",,Stratford,UnitedStates,2,State,CT,,,,3,EMS Ground,AMER MED RESPONSE,YALE-NH HOSP
1082372,1,1,16,1,Male,CT,,1,Driver,O,No Apparent Injury (O),1,Apparently Normal,1,Apparently Normal,3,Infraction,1,Test Not Given,88,Not Applicable,1,Test Not Given,88,Not Applicable,1,Not Ejected,1,Shoulder and Lap Belt Used,88,Not Applicable,2,Deployed-Front,1,No,4,Ran Red Light,88,Not Applicable,88,Not Applicable,88,Not Applicable,1,Not Distracted,,,,,,,,,,,,,,,,,,,,,,,11,"First Row, Left Seat",,New Haven,UnitedStates,1,Not Licensed,,0,1,No,1,Not Transported,,
1082375,1,1,26,2,Female,CT,,1,Driver,O,No Apparent Injury (O),1,Apparently Normal,,,4,Arrest/Summons,1,Test Not Given,88,Not Applicable,1,Test Not Given,88,Not Applicable,1,Not Ejected,99,Unknown,88,Not Applicable,1,Not Deployed,1,No,13,Failed to Keep in Proper Lane,88,Not Applicable,88,Not Applicable,88,Not Applicable,99,Unknown if Distracted,,,,,,,,,,,,,,,,,,,,,,,11,"First Row, Left Seat",,New Haven,UnitedStates,2,State,CT,4,2,Yes,1,Not Transported,,
1083318,1,1,30,1,Male,CT,6513,1,Driver,C,Possible Injury (C),1,Apparently Normal,,,0,None taken,1,Test Not Given,88,Not Applicable,1,Test Not Given,88,Not Applicable,1,Not Ejected,4,"Restraint Used, Type Unknown",88,Not Applicable,1,Not Deployed,1,No,1,No Contributing Action,88,Not Applicable,88,Not Applicable,88,Not Applicable,1,Not Distracted,,,,,,,,,,,,,,,,,,,,,,,11,"First Row, Left Seat",,New Haven,UnitedStates,2,State,CT,4,1,No,1,Not Transported,,
1083331,1,1,44,1,Male,CT,6478,1,Driver,C,Possible Injury (C),1,Apparently Normal,1,Apparently Normal,0,None taken,1,Test Not Given,88,Not Applicable,1,Test Not Given,88,Not Applicable,1,Not Ejected,99,Unknown,88,Not Applicable,1,Not Deployed,1,No,1,No Contributing Action,88,Not Applicable,88,Not Applicable,88,Not Applicable,1,Not Distracted,,,,,,,,,,,,,,,,,,,,,,,11,"First Row, Left Seat",,Oxford,UnitedStates,2,State,CT,4,1,No,1,Not Transported,,
1083332,2,4,40,2,Female,CT,6517,1,Driver,C,Possible Injury (C),1,Apparently Normal,1,Apparently Normal,0,None taken,1,Test Not Given,88,Not Applicable,1,Test Not Given,88,Not Applicable,1,Not Ejected,0,None Used-Motor Vehicle Occupant,88,Not Applicable,6,Deployed-Combination,1,No,1,No Contributing Action,88,Not Applicable,88,Not Applicable,88,Not Applicable,1,Not Distracted,,,,,,,,,,,,,,,,,,,,,,,11,"First Row, Left Seat",,Hamden,UnitedStates,2,State,CT,4,1,No,3,EMS Ground,AMER MED RESPONSE,YALE-NH HOSP