CrashId,VehicleId,PersonId,Age,Gender,Gender Text Format,State,Postal Code,Person Type,Person Type Text Format,Injury Status,Injury Status Text Format,Condition at Time of Crash,Condition at Time of Crash Text Format,Condition at Time of Crash2,Condition at Time of Crash2 Text Format,Action Taken by Officer,Action Taken by Officer Text Format,Alcohol Test Status,Alcohol Test Status Text Format,Type Of Alcohol Test,Type Of Alcohol Test Text Format,Drug Test Status,Drug Test Status Text Format,Type Of Drig Test,Type Of Drig Test Text Format,Ejection Status,Ejection Status Text Format,Restraint System,Restraint System Text Format,Helmet Use,Helmet Use Text Format,Air Bag Status,Air Bag Status Text Format,Speeding Related,Speeding Related Text Format,Driver Actions 1,Driver Actions 1 Text Format,Driver Actions 2,Driver Actions 2 Text Format,Driver Actions 3,Driver Actions 3 Text Format,Driver Actions 4,Driver Actions 4 Text Format,Driver Distracted By,Driver Distracted By Text Format,Roadway On Which Nonmotorist Was Traveling/Located,Direction nonmotorist was traveling,Direction Unknown,Striking Motor Vehicle ID,Bicycle ID,Non-Motorist Not In Roadway,Actions or Circumstances Prior to Crash,Actions or Circumstances Prior to Crash Text Format,To or From School,To or From School Text Format,Actions or Circumstances At Time Of Crash,Actions or Circumstances At Time Of Crash Text Format,Actions or Circumstances At Time Of Crash2,Actions or Circumstances At Time Of Crash2 Text Format,Location At Time Of Crash,Location At Time Of Crash Text Format,Safety Equipment,Safety Equipment Text Format,Safety Equipment2,Safety Equipment2 Text Format,Non-motorist Distracted By,Non-motorist Distracted By Text Format,Seating Position,Seating Position Text Format,Seating Position for Bus,City,Country,Driver License Jurisdiction,Driver License Jurisdiction Text Format,Drivers License Issued By,Drivers License Class,Commercial License Class,Commercial License Class Text Format,Transported to First Medical Facility By,Transported to First Medical Facility By Text Format,Name of the EMS agency,Name of the Intended Receiving Facility
1098626,1,1,45,2,Female,CT,6512,1,Driver,O,No Apparent Injury (O),1,Apparently Normal,,,1,Verbal Warning,1,Test Not Given,88,Not Applicable,1,Test Not Given,88,Not Applicable,1,Not Ejected,99,Unknown,88,Not Applicable,1,Not Deployed,1,No,9,Improper Backing,88,Not Applicable,88,Not Applicable,88,Not Applicable,99,Unknown if Distracted,,,,,,,,,,,,,,,,,,,,,,,11,"First Row, Left Seat",,New Haven,UnitedStates,2,State,CT,4,1,No,1,Not Transported,,
1099379,2,2,24,1,Male,CT,,1,Driver,C,Possible Injury (C),1,Apparently Normal,1,Apparently Normal,0,None taken,1,Test Not Given,88,Not Applicable,1,Test Not Given,88,Not Applicable,1,Not Ejected,88,Not Applicable,1,No Helmet,88,Not applicable,1,No,1,No Contributing Action,88,Not Applicable,88,Not Applicable,88,Not Applicable,1,Not Distracted,,,,,,,,,,,,,,,,,,,,,,,11,"First Row, Left Seat",,New Haven,UnitedStates,2,State,CT,4,1,No,3,EMS Ground,AMER MED RESPONSE,YALE-NH HOSP
1098630,1,2,57,1,Male,CT,6073,1,Driver,O,No Apparent Injury (O),1,Apparently Normal,1,Apparently Normal,1,Verbal Warning,1,Test Not Given,88,Not Applicable,1,Test Not Given,88,Not Applicable,1,Not Ejected,4,"Restraint Used, Type Unknown",88,Not Applicable,1,Not Deployed,1,No,5,Ran Stop Sign,88,Not Applicable,88,Not Applicable,88,Not Applicable,1,Not Distracted,,,,,,,,,,,,,,,,,,,,,,,11,"First Row, Left Seat",,South Glastonbury,UnitedStates,2,State,CT,4,1,No,1,Not Transported,,
1098640,1,1,61,2,Female,CT,6610,1,Driver,O,No Apparent Injury (O),1,Apparently Normal,,,1,Verbal Warning,1,Test Not Given,88,Not Applicable,1,Test Not Given,88,Not Applicable,1,Not Ejected,99,Unknown,88,Not Applicable,1,Not Deployed,1,No,13,Failed to Keep in Proper Lane,88,Not Applicable,88,Not Applicable,88,Not Applicable,99,Unknown if Distracted,,,,,,,,,,,,,,,,,,,,,,,11,"First Row, Left Seat",,Bridgeport,UnitedStates,2,State,CT,4,1,No,1,Not Transported,,
1098640,2,2,33,2,Female,CT,6511,1,Driver,O,No Apparent Injury (O),1,Apparently Normal,,,0,None taken,1,Test Not Given,88,Not Applicable,1,Test Not Given,88,Not Applicable,1,Not Ejected,99,Unknown,88,Not Applicable,1,Not Deployed,1,No,1,No Contributing Action,88,Not Applicable,88,Not Applicable,88,Not Applicable,1,Not Distracted,,,,,,,,,,,,,,,,,,,,,,,11,"First Row, Left Seat",,New Haven,UnitedStates,2,State,CT,4,1,No,1,Not Transported,,
1098645,1,1,26,1,Male,CT,6511,1,Driver,O,No Apparent Injury (O),1,Apparently Normal,1,Apparently Normal,0,None taken,1,Test Not Given,88,Not Applicable,1,Test Not Given,88,Not Applicable,1,Not Ejected,99,Unknown,88,Not Applicable,1,Not Deployed,1,No,1,No Contributing Action,88,Not Applicable,88,Not Applicable,88,Not Applicable,1,Not Distracted,,,,,,,,,,,,,,,,,,,,,,,11,"First Row, Left Seat",,New Haven,UnitedStates,2,State,CT,4,1,No,1,Not Transported,,
1099381,1,1,34,2,Female,CT,6515,1,Driver,C,Possible Injury (C),5,Asleep or Fatigued,,,3,Infraction,1,Test Not Given,88,Not Applicable,1,Test Not Given,88,Not Applicable,1,Not Ejected,1,Shoulder and Lap Belt Used,88,Not Applicable,1,Not Deployed,1,No,13,Failed to Keep in Proper Lane,2,Ran Off Roadway,88,Not Applicable,88,Not Applicable,99,Unknown if Distracted,,,,,,,,,,,,,,,,,,,,,,,11,"First Row, Left Seat",,New Haven,UnitedStates,2,State,CT,4,1,No,3,EMS Ground,AMER MED RESPONSE,YALE-NH HOSP
1099386,2,2,48,2,Female,CT,6519,1,Driver,C,Possible Injury (C),1,Apparently Normal,1,Apparently Normal,0,None taken,1,Test Not Given,88,Not Applicable,1,Test Not Given,88,Not Applicable,1,Not Ejected,99,Unknown,88,Not Applicable,1,Not Deployed,1,No,1,No Contributing Action,88,Not Applicable,88,Not Applicable,88,Not Applicable,1,Not Distracted,,,,,,,,,,,,,,,,,,,,,,,11,"First Row, Left Seat",,New Haven,UnitedStates,2,State,CT,4,1,No,1,Not Transported,,
1098659,2,2,76,1,Male,CT,,1,Driver,O,No Apparent Injury (O),1,Apparently Normal,,,4,Arrest/Summons,1,Test Not Given,88,Not Applicable,1,Test Not Given,88,Not Applicable,1,Not Ejected,1,Shoulder and Lap Belt Used,88,Not Applicable,1,Not Deployed,1,No,3,Failed to Yield Right-of-Way,88,Not Applicable,88,Not Applicable,88,Not Applicable,1,Not Distracted,,,,,,,,,,,,,,,,,,,,,,,11,"First Row, Left Seat",,New Haven,UnitedStates,1,Not Licensed,CT,1,1,No,1,Not Transported,,
1099388,2,2,47,2,Female,CT,6514,1,Driver,C,Possible Injury (C),1,Apparently Normal,1,Apparently Normal,0,None taken,1,Test Not Given,88,Not Applicable,1,Test Not Given,88,Not Applicable,1,Not Ejected,99,Unknown,88,Not Applicable,1,Not Deployed,1,No,1,No Contributing Action,88,Not Applicable,88,Not Applicable,88,Not Applicable,1,Not Distracted,,,,,,,,,,,,,,,,,,,,,,,11,"First Row, Left Seat",,Hamden,UnitedStates,2,State,CT,4,1,No,3,EMS Ground,AMER MED RESPONSE,OTHER HOSPITAL
1098662,2,2,27,1,Male,CT,,1,Driver,O,No Apparent Injury (O),1,Apparently Normal,1,Apparently Normal,0,None taken,1,Test Not Given,88,Not Applicable,1,Test Not Given,88,Not Applicable,1,Not Ejected,0,None Used-Motor Vehicle Occupant,88,Not Applicable,1,Not Deployed,1,No,1,No Contributing Action,88,Not Applicable,88,Not Applicable,88,Not Applicable,1,Not Distracted,,,,,,,,,,,,,,,,,,,,,,,11,"First Row, Left Seat",,New Haven,UnitedStates,2,State,CT,4,1,No,1,Not Transported,,
1099389,2,2,24,2,Female,CT,,1,Driver,C,Possible Injury (C),1,Apparently Normal,,,0,None taken,1,Test Not Given,88,Not Applicable,1,Test Not Given,88,Not Applicable,1,Not Ejected,99,Unknown,88,Not Applicable,1,Not Deployed,1,No,1,No Contributing Action,88,Not Applicable,88,Not Applicable,88,Not Applicable,1,Not Distracted,,,,,,,,,,,,,,,,,,,,,,,11,"First Row, Left Seat",,New Haven,UnitedStates,2,State,CT,4,1,No,3,EMS Ground,AMER MED RESPONSE,YALE-NH HOSP
1098664,1,1,79,2,Female,CT,6473,1,Driver,O,No Apparent Injury (O),1,Apparently Normal,,,1,Verbal Warning,1,Test Not Given,88,Not Applicable,1,Test Not Given,88,Not Applicable,1,Not Ejected,99,Unknown,88,Not Applicable,6,Deployed-Combination,1,No,4,Ran Red Light,88,Not Applicable,88,Not Applicable,88,Not Applicable,99,Unknown if Distracted,,,,,,,,,,,,,,,,,,,,,,,11,"First Row, Left Seat",,North Haven,UnitedStates,2,State,CT,4,1,No,1,Not Transported,,
1099366,2,2,64,1,Male,CT,6443,1,Driver,O,No Apparent Injury (O),1,Apparently Normal,1,Apparently Normal,0,None taken,1,Test Not Given,88,Not Applicable,1,Test Not Given,88,Not Applicable,1,Not Ejected,99,Unknown,88,Not Applicable,6,Deployed-Combination,1,No,1,No Contributing Action,88,Not Applicable,88,Not Applicable,88,Not Applicable,1,Not Distracted,,,,,,,,,,,,,,,,,,,,,,,11,"First Row, Left Seat",,Madison,UnitedStates,2,State,CT,4,1,No,1,Not Transported,,
1099728,1,1,29,1,Male,CT,,1,Driver,C,Possible Injury (C),1,Apparently Normal,1,Apparently Normal,3,Infraction,1,Test Not Given,88,Not Applicable,1,Test Not Given,88,Not Applicable,1,Not Ejected,1,Shoulder and Lap Belt Used,88,Not Applicable,2,Deployed-Front,1,No,12,Followed Too Closely,88,Not Applicable,88,Not Applicable,88,Not Applicable,1,Not Distracted,,,,,,,,,,,,,,,,,,,,,,,11,"First Row, Left Seat",,New Haven,UnitedStates,1,Not Licensed,,0,,,3,EMS Ground,AMER MED RESPONSE,YALE-NH HOSP
1099374,2,3,57,1,Male,CT,6382,1,Driver,O,No Apparent Injury (O),1,Apparently Normal,1,Apparently Normal,0,None taken,1,Test Not Given,88,Not Applicable,1,Test Not Given,88,Not Applicable,1,Not Ejected,99,Unknown,88,Not Applicable,1,Not Deployed,1,No,1,No Contributing Action,88,Not Applicable,88,Not Applicable,88,Not Applicable,1,Not Distracted,,,,,,,,,,,,,,,,,,,,,,,11,"First Row, Left Seat",,Uncasville,UnitedStates,2,State,CT,3,1,No,1,Not Transported,,
1099728,2,2,30,2,Female,CT,6511,1,Driver,C,Possible Injury (C),1,Apparently Normal,1,Apparently Normal,0,None taken,1,Test Not Given,88,Not Applicable,1,Test Not Given,88,Not Applicable,1,Not Ejected,1,Shoulder and Lap Belt Used,88,Not Applicable,1,Not Deployed,1,No,1,No Contributing Action,88,Not Applicable,88,Not Applicable,88,Not Applicable,1,Not Distracted,,,,,,,,,,,,,,,,,,,,,,,11,"First Row, Left Seat",,New Haven,UnitedStates,2,State,CT,4,,,3,EMS Ground,AMER MED RESPONSE,YALE-NH HOSP
1099376,2,2,42,1,Male,CT,6513,1,Driver,O,No Apparent Injury (O),1,Apparently Normal,1,Apparently Normal,0,None taken,1,Test Not Given,88,Not Applicable,1,Test Not Given,88,Not Applicable,1,Not Ejected,99,Unknown,88,Not Applicable,1,Not Deployed,1,No,1,No Contributing Action,88,Not Applicable,88,Not Applicable,88,Not Applicable,1,Not Distracted,,,,,,,,,,,,,,,,,,,,,,,11,"First Row, Left Seat",,New Haven,UnitedStates,2,State,CT,4,1,No,1,Not Transported,,
1099732,1,1,40,1,Male,CT,6708,1,Driver,C,Possible Injury (C),1,Apparently Normal,,,0,None taken,1,Test Not Given,88,Not Applicable,1,Test Not Given,88,Not Applicable,1,Not Ejected,4,"Restraint Used, Type Unknown",88,Not Applicable,1,Not Deployed,1,No,1,No Contributing Action,88,Not Applicable,88,Not Applicable,88,Not Applicable,1,Not Distracted,,,,,,,,,,,,,,,,,,,,,,,11,"First Row, Left Seat",,Waterbury,UnitedStates,2,State,CT,1,2,Yes,3,EMS Ground,AMER MED RESPONSE,YALE-NH HOSP
1099379,1,1,69,1,Male,CT,6513,1,Driver,O,No Apparent Injury (O),1,Apparently Normal,1,Apparently Normal,0,None taken,1,Test Not Given,88,Not Applicable,1,Test Not Given,88,Not Applicable,1,Not Ejected,99,Unknown,88,Not Applicable,1,Not Deployed,1,No,1,No Contributing Action,88,Not Applicable,88,Not Applicable,88,Not Applicable,1,Not Distracted,,,,,,,,,,,,,,,,,,,,,,,11,"First Row, Left Seat",,New Haven,UnitedStates,2,State,CT,4,1,No,1,Not Transported,,
1099738,2,2,38,2,Female,CT,6513,1,Driver,B,Suspected Minor Injury (B),1,Apparently Normal,1,Apparently Normal,3,Infraction,1,Test Not Given,88,Not Applicable,1,Test Not Given,88,Not Applicable,1,Not Ejected,99,Unknown,88,Not Applicable,2,Deployed-Front,1,No,1,No Contributing Action,88,Not Applicable,88,Not Applicable,88,Not Applicable,1,Not Distracted,,,,,,,,,,,,,,,,,,,,,,,11,"First Row, Left Seat",,New Haven,UnitedStates,2,State,CT,4,1,No,3,EMS Ground,AMER MED RESPONSE,YALE-NH HOSP
1100075,1,1,54,1,Male,CT,6514,1,Driver,C,Possible Injury (C),1,Apparently Normal,1,Apparently Normal,1,Verbal Warning,1,Test Not Given,88,Not Applicable,1,Test Not Given,88,Not Applicable,1,Not Ejected,4,"Restraint Used, Type Unknown",88,Not Applicable,1,Not Deployed,1,No,3,Failed to Yield Right-of-Way,88,Not Applicable,88,Not Applicable,88,Not Applicable,1,Not Distracted,,,,,,,,,,,,,,,,,,,,,,,11,"First Row, Left Seat",,Hamden,UnitedStates,2,State,CT,2,2,Yes,3,EMS Ground,AMER MED RESPONSE,YALE-NH HOSP
1100076,2,2,22,2,Female,CT,6519,1,Driver,C,Possible Injury (C),1,Apparently Normal,1,Apparently Normal,0,None taken,1,Test Not Given,88,Not Applicable,1,Test Not Given,88,Not Applicable,1,Not Ejected,1,Shoulder and Lap Belt Used,88,Not Applicable,1,Not Deployed,1,No,1,No Contributing Action,88,Not Applicable,88,Not Applicable,88,Not Applicable,1,Not Distracted,,,,,,,,,,,,,,,,,,,,,,,11,"First Row, Left Seat",,New Haven,UnitedStates,2,State,CT,4,1,No,1,Not Transported,,
1099386,1,1,21,2,Female,CT,6473,1,Driver,O,No Apparent Injury (O),1,Apparently Normal,1,Apparently Normal,3,Infraction,1,Test Not Given,88,Not Applicable,1,Test Not Given,88,Not Applicable,1,Not Ejected,99,Unknown,88,Not Applicable,1,Not Deployed,1,No,13,Failed to Keep in Proper Lane,88,Not Applicable,88,Not Applicable,88,Not Applicable,1,Not Distracted,,,,,,,,,,,,,,,,,,,,,,,11,"First Row, Left Seat",,North Haven,UnitedStates,2,State,CT,4,1,No,1,Not Transported,,
1099386,3,3,58,2,Female,CT,6513,1,Driver,O,No Apparent Injury (O),1,Apparently Normal,1,Apparently Normal,0,None taken,1,Test Not Given,88,Not Applicable,1,Test Not Given,88,Not Applicable,1,Not Ejected,99,Unknown,88,Not Applicable,1,Not Deployed,1,No,1,No Contributing Action,88,Not Applicable,88,Not Applicable,88,Not Applicable,1,Not Distracted,,,,,,,,,,,,,,,,,,,,,,,11,"First Row, Left Seat",,New Haven,UnitedStates,2,State,CT,4,1,No,1,Not Transported,,
1099388,1,1,43,1,Male,CT,6483,1,Driver,O,No Apparent Injury (O),1,Apparently Normal,1,Apparently Normal,1,Verbal Warning,1,Test Not Given,88,Not Applicable,1,Test Not Given,88,Not Applicable,1,Not Ejected,99,Unknown,88,Not Applicable,1,Not Deployed,1,No,12,Followed Too Closely,88,Not Applicable,88,Not Applicable,88,Not Applicable,7,"Other Inside the Vehicle (eating, personal hygiene, etc.)",,,,,,,,,,,,,,,,,,,,,,,11,"First Row, Left Seat",,Seymour,UnitedStates,2,State,CT,4,1,No,1,Not Transported,,
1100076,3,3,33,1,Male,CT,6519,1,Driver,C,Possible Injury (C),1,Apparently Normal,,,0,None taken,1,Test Not Given,88,Not Applicable,1,Test Not Given,88,Not Applicable,1,Not Ejected,1,Shoulder and Lap Belt Used,88,Not Applicable,1,Not Deployed,1,No,1,No Contributing Action,88,Not Applicable,88,Not Applicable,88,Not Applicable,1,Not Distracted,,,,,,,,,,,,,,,,,,,,,,,11,"First Row, Left Seat",,New Haven,UnitedStates,2,State,CT,4,1,No,1,Not Transported,,
1100341,2,2,38,2,Female,CT,6511,1,Driver,C,Possible Injury (C),1,Apparently Normal,,,0,None taken,1,Test Not Given,88,Not Applicable,1,Test Not Given,88,Not Applicable,1,Not Ejected,1,Shoulder and Lap Belt Used,88,Not Applicable,1,Not Deployed,1,No,1,No Contributing Action,88,Not Applicable,88,Not Applicable,88,Not Applicable,1,Not Distracted,,,,,,,,,,,,,,,,,,,,,,,11,"First Row, Left Seat",,New Haven,UnitedStates,2,State,CT,4,1,No,1,Not Transported,,
1099389,1,1,,99,Unknown,,,1,Driver,O,No Apparent Injury (O),1,Apparently Normal,,,0,None taken,1,Test Not Given,88,Not Applicable,1,Test Not Given,88,Not Applicable,1,Not Ejected,99,Unknown,88,Not Applicable,99,Unknown,1,No,12,Followed Too Closely,88,Not Applicable,88,Not Applicable,88,Not Applicable,1,Not Distracted,,,,,,,,,,,,,,,,,,,,,,,11,"First Row, Left Seat",,,UnitedStates,99,Unknown,,99,99,Unknown,1,Not Transported,,
1100343,1,1,19,1,Male,CT,6401,1,Driver,C,Possible Injury (C),1,Apparently Normal,,,1,Verbal Warning,1,Test Not Given,88,Not Applicable,1,Test Not Given,88,Not Applicable,1,Not Ejected,99,Unknown,88,Not Applicable,1,Not Deployed,1,No,8,Improper Turn,88,Not Applicable,88,Not Applicable,88,Not Applicable,1,Not Distracted,,,,,,,,,,,,,,,,,,,,,,,11,"First Row, Left Seat",,Ansonia,UnitedStates,2,State,CT,4,1,No,3,EMS Ground,AMER MED RESPONSE,ST RAPHAELS-YNHH
1100346,2,5,55,1,Male,CT,6516,1,Driver,B,Suspected Minor Injury (B),1,Apparently Normal,1,Apparently Normal,0,None taken,1,Test Not Given,88,Not Applicable,1,Test Not Given,88,Not Applicable,1,Not Ejected,88,Not Applicable,2,DOT-Compliant Motorcycle Helmet,88,Not applicable,1,No,1,No Contributing Action,1,No Contributing Action,88,Not Applicable,88,Not Applicable,1,Not Distracted,,,,,,,,,,,,,,,,,,,,,,,11,"First Row, Left Seat",,West Haven,UnitedStates,2,State,CT,4,1,No,2,EMS Air,AMER MED RESPONSE,
1100348,2,2,27,1,Male,CT,6511,1,Driver,C,Possible Injury (C),1,Apparently Normal,,,0,None taken,1,Test Not Given,88,Not Applicable,1,Test Not Given,88,Not Applicable,1,Not Ejected,99,Unknown,88,Not Applicable,1,Not Deployed,1,No,1,No Contributing Action,88,Not Applicable,88,Not Applicable,88,Not Applicable,1,Not Distracted,,,,,,,,,,,,,,,,,,,,,,,11,"First Row, Left Seat",,New Haven,UnitedStates,2,State,CT,4,1,No,1,Not Transported,,
1099738,1,1,52,1,Male,CT,6461,1,Driver,O,No Apparent Injury (O),1,Apparently Normal,1,Apparently Normal,1,Verbal Warning,1,Test Not Given,88,Not Applicable,1,Test Not Given,88,Not Applicable,1,Not Ejected,99,Unknown,88,Not Applicable,1,Not Deployed,1,No,13,Failed to Keep in Proper Lane,88,Not Applicable,88,Not Applicable,88,Not Applicable,1,Not Distracted,,,,,,,,,,,,,,,,,,,,,,,11,"First Row, Left Seat",,Milford,UnitedStates,2,State,CT,4,1,No,1,Not Transported,,
1100349,2,2,77,1,Male,CT,6519,1,Driver,C,Possible Injury (C),1,Apparently Normal,,,0,None taken,1,Test Not Given,88,Not Applicable,1,Test Not Given,88,Not Applicable,1,Not Ejected,1,Shoulder and Lap Belt Used,88,Not Applicable,2,Deployed-Front,1,No,1,No Contributing Action,88,Not Applicable,88,Not Applicable,88,Not Applicable,1,Not Distracted,,,,,,,,,,,,,,,,,,,,,,,11,"First Row, Left Seat",,New Haven,UnitedStates,2,State,CT,4,1,No,3,EMS Ground,AMER MED RESPONSE,YALE-NH HOSP
1100069,1,1,52,1,Male,CT,6472,1,Driver,O,No Apparent Injury (O),1,Apparently Normal,,,0,None taken,1,Test Not Given,88,Not Applicable,1,Test Not Given,88,Not Applicable,1,Not Ejected,1,Shoulder and Lap Belt Used,88,Not Applicable,1,Not Deployed,1,No,99,Unknown,88,Not Applicable,88,Not Applicable,88,Not Applicable,1,Not Distracted,,,,,,,,,,,,,,,,,,,,,,,11,"First Row, Left Seat",,Northford,UnitedStates,2,State,CT,4,1,No,1,Not Transported,,
1100349,1,1,52,1,Male,CT,6519,1,Driver,C,Possible Injury (C),1,Apparently Normal,,,1,Verbal Warning,1,Test Not Given,88,Not Applicable,1,Test Not Given,88,Not Applicable,1,Not Ejected,1,Shoulder and Lap Belt Used,88,Not Applicable,2,Deployed-Front,1,No,13,Failed to Keep in Proper Lane,88,Not Applicable,88,Not Applicable,88,Not Applicable,1,Not Distracted,,,,,,,,,,,,,,,,,,,,,,,11,"First Row, Left Seat",,New Haven,UnitedStates,2,State,CT,4,1,No,3,EMS Ground,AMER MED RESPONSE,YALE-NH HOSP
1100075,2,2,32,1,Male,CT,6515,1,Driver,O,No Apparent Injury (O),1,Apparently Normal,1,Apparently Normal,0,None taken,1,Test Not Given,88,Not Applicable,1,Test Not Given,88,Not Applicable,1,Not Ejected,4,"Restraint Used, Type Unknown",88,Not Applicable,1,Not Deployed,1,No,1,No Contributing Action,88,Not Applicable,88,Not Applicable,88,Not Applicable,1,Not Distracted,,,,,,,,,,,,,,,,,,,,,,,11,"First Row, Left Seat",,New Haven,UnitedStates,2,State,CT,4,1,No,1,Not Transported,,
1107328,1,1,56,2,Female,CT,6511,1,Driver,C,Possible Injury (C),1,Apparently Normal,1,Apparently Normal,1,Verbal Warning,1,Test Not Given,88,Not Applicable,1,Test Not Given,88,Not Applicable,1,Not Ejected,1,Shoulder and Lap Belt Used,88,Not Applicable,1,Not Deployed,1,No,3,Failed to Yield Right-of-Way,88,Not Applicable,88,Not Applicable,88,Not Applicable,1,Not Distracted,,,,,,,,,,,,,,,,,,,,,,,11,"First Row, Left Seat",,New Haven,UnitedStates,2,State,CT,4,1,No,3,EMS Ground,AMER MED RESPONSE,ST RAPHAELS-YNHH
1107333,1,1,42,1,Male,CT,6516,1,Driver,C,Possible Injury (C),1,Apparently Normal,,,1,Verbal Warning,1,Test Not Given,88,Not Applicable,1,Test Not Given,88,Not Applicable,1,Not Ejected,0,None Used-Motor Vehicle Occupant,88,Not Applicable,6,Deployed-Combination,1,No,13,Failed to Keep in Proper Lane,88,Not Applicable,88,Not Applicable,88,Not Applicable,1,Not Distracted,,,,,,,,,,,,,,,,,,,,,,,11,"First Row, Left Seat",,New Haven,UnitedStates,2,State,CT,1,2,Yes,1,Not Transported,,
1100337,1,1,76,2,Female,CT,6511,1,Driver,O,No Apparent Injury (O),1,Apparently Normal,1,Apparently Normal,0,None taken,1,Test Not Given,88,Not Applicable,1,Test Not Given,88,Not Applicable,1,Not Ejected,99,Unknown,88,Not Applicable,1,Not Deployed,1,No,99,Unknown,88,Not Applicable,88,Not Applicable,88,Not Applicable,1,Not Distracted,,,,,,,,,,,,,,,,,,,,,,,11,"First Row, Left Seat",,New Haven,UnitedStates,2,State,CT,4,1,No,1,Not Transported,,
1100341,1,1,15,1,Male,CT,6515,1,Driver,O,No Apparent Injury (O),99,Unknown,,,4,Arrest/Summons,1,Test Not Given,88,Not Applicable,1,Test Not Given,88,Not Applicable,1,Not Ejected,99,Unknown,88,Not Applicable,1,Not Deployed,1,No,12,Followed Too Closely,88,Not Applicable,88,Not Applicable,88,Not Applicable,1,Not Distracted,,,,,,,,,,,,,,,,,,,,,,,11,"First Row, Left Seat",,New Haven,UnitedStates,1,Not Licensed,,88,1,No,1,Not Transported,,
1107334,2,2,18,2,Female,CT,,1,Driver,C,Possible Injury (C),1,Apparently Normal,,,0,None taken,1,Test Not Given,88,Not Applicable,1,Test Not Given,88,Not Applicable,1,Not Ejected,99,Unknown,88,Not Applicable,1,Not Deployed,1,No,1,No Contributing Action,88,Not Applicable,88,Not Applicable,88,Not Applicable,1,Not Distracted,,,,,,,,,,,,,,,,,,,,,,,11,"First Row, Left Seat",,New Haven,UnitedStates,88,Not applicable,,88,,,3,EMS Ground,AMER MED RESPONSE,YALE-NH HOSP
1100342,1,1,50,1,Male,CT,6516,1,Driver,O,No Apparent Injury (O),1,Apparently Normal,,,0,None taken,1,Test Not Given,88,Not Applicable,1,Test Not Given,88,Not Applicable,1,Not Ejected,1,Shoulder and Lap Belt Used,88,Not Applicable,1,Not Deployed,1,No,99,Unknown,88,Not Applicable,88,Not Applicable,88,Not Applicable,1,Not Distracted,,,,,,,,,,,,,,,,,,,,,,,11,"First Row, Left Seat",,West Haven,UnitedStates,2,State,CT,4,1,No,1,Not Transported,,
1107374,1,1,72,1,Male,CT,6519,1,Driver,B,Suspected Minor Injury (B),1,Apparently Normal,1,Apparently Normal,0,None taken,1,Test Not Given,88,Not Applicable,1,Test Not Given,88,Not Applicable,1,Not Ejected,99,Unknown,88,Not Applicable,2,Deployed-Front,1,No,1,No Contributing Action,88,Not Applicable,88,Not Applicable,88,Not Applicable,1,Not Distracted,,,,,,,,,,,,,,,,,,,,,,,11,"First Row, Left Seat",,New Haven,UnitedStates,2,State,CT,4,1,No,3,EMS Ground,,
1100343,2,2,22,1,Male,CT,6109,1,Driver,O,No Apparent Injury (O),1,Apparently Normal,,,4,Arrest/Summons,1,Test Not Given,88,Not Applicable,1,Test Not Given,88,Not Applicable,1,Not Ejected,99,Unknown,88,Not Applicable,1,Not Deployed,1,No,1,No Contributing Action,88,Not Applicable,88,Not Applicable,88,Not Applicable,1,Not Distracted,,,,,,,,,,,,,,,,,,,,,,,11,"First Row, Left Seat",,Wethersfield,UnitedStates,2,State,CT,4,1,No,1,Not Transported,,
1107374,2,2,34,1,Male,CT,6513,1,Driver,C,Possible Injury (C),1,Apparently Normal,1,Apparently Normal,4,Arrest/Summons,1,Test Not Given,88,Not Applicable,1,Test Not Given,88,Not Applicable,1,Not Ejected,99,Unknown,88,Not Applicable,2,Deployed-Front,1,No,13,Failed to Keep in Proper Lane,88,Not Applicable,88,Not Applicable,88,Not Applicable,99,Unknown if Distracted,,,,,,,,,,,,,,,,,,,,,,,11,"First Row, Left Seat",,New Haven,UnitedStates,2,State,CT,4,1,No,1,Not Transported,,
1100346,1,1,29,1,Male,CT,651,1,Driver,O,No Apparent Injury (O),1,Apparently Normal,1,Apparently Normal,4,Arrest/Summons,1,Test Not Given,88,Not Applicable,1,Test Not Given,88,Not Applicable,1,Not Ejected,99,Unknown,88,Not Applicable,1,Not Deployed,1,No,10,Improper Passing,88,Not Applicable,88,Not Applicable,88,Not Applicable,99,Unknown if Distracted,,,,,,,,,,,,,,,,,,,,,,,11,"First Row, Left Seat",,New Haven,UnitedStates,1,Not Licensed,CT,0,1,No,1,Not Transported,,