CrashId,VehicleId,PersonId,Age,Gender,Gender Text Format,State,Postal Code,Person Type,Person Type Text Format,Injury Status,Injury Status Text Format,Condition at Time of Crash,Condition at Time of Crash Text Format,Condition at Time of Crash2,Condition at Time of Crash2 Text Format,Action Taken by Officer,Action Taken by Officer Text Format,Alcohol Test Status,Alcohol Test Status Text Format,Type Of Alcohol Test,Type Of Alcohol Test Text Format,Drug Test Status,Drug Test Status Text Format,Type Of Drig Test,Type Of Drig Test Text Format,Ejection Status,Ejection Status Text Format,Restraint System,Restraint System Text Format,Helmet Use,Helmet Use Text Format,Air Bag Status,Air Bag Status Text Format,Speeding Related,Speeding Related Text Format,Driver Actions 1,Driver Actions 1 Text Format,Driver Actions 2,Driver Actions 2 Text Format,Driver Actions 3,Driver Actions 3 Text Format,Driver Actions 4,Driver Actions 4 Text Format,Driver Distracted By,Driver Distracted By Text Format,Roadway On Which Nonmotorist Was Traveling/Located,Direction nonmotorist was traveling,Direction Unknown,Striking Motor Vehicle ID,Bicycle ID,Non-Motorist Not In Roadway,Actions or Circumstances Prior to Crash,Actions or Circumstances Prior to Crash Text Format,To or From School,To or From School Text Format,Actions or Circumstances At Time Of Crash,Actions or Circumstances At Time Of Crash Text Format,Actions or Circumstances At Time Of Crash2,Actions or Circumstances At Time Of Crash2 Text Format,Location At Time Of Crash,Location At Time Of Crash Text Format,Safety Equipment,Safety Equipment Text Format,Safety Equipment2,Safety Equipment2 Text Format,Non-motorist Distracted By,Non-motorist Distracted By Text Format,Seating Position,Seating Position Text Format,Seating Position for Bus,City,Country,Driver License Jurisdiction,Driver License Jurisdiction Text Format,Drivers License Issued By,Drivers License Class,Commercial License Class,Commercial License Class Text Format,Transported to First Medical Facility By,Transported to First Medical Facility By Text Format,Name of the EMS agency,Name of the Intended Receiving Facility
1198833,1,1,37,2,Female,CT,6511,1,Driver,O,No Apparent Injury (O),1,Apparently Normal,1,Apparently Normal,0,None taken,1,Test Not Given,88,Not Applicable,1,Test Not Given,88,Not Applicable,1,Not Ejected,1,Shoulder and Lap Belt Used,88,Not Applicable,1,Not Deployed,1,No,1,No Contributing Action,88,Not Applicable,88,Not Applicable,88,Not Applicable,1,Not Distracted,,,,,,,,,,,,,,,,,,,,,,,11,"First Row, Left Seat",,New Haven,UnitedStates,2,State,CT,4,1,No,1,Not Transported,,
1200137,1,1,60,2,Female,CT,6513,1,Driver,C,Possible Injury (C),1,Apparently Normal,,,0,None taken,1,Test Not Given,88,Not Applicable,1,Test Not Given,88,Not Applicable,1,Not Ejected,99,Unknown,88,Not Applicable,1,Not Deployed,1,No,1,No Contributing Action,88,Not Applicable,88,Not Applicable,88,Not Applicable,1,Not Distracted,,,,,,,,,,,,,,,,,,,,,,,11,"First Row, Left Seat",,New Haven,UnitedStates,2,State,CT,4,1,No,1,Not Transported,,
1198840,1,1,,1,Male,,,1,Driver,O,No Apparent Injury (O),99,Unknown,,,1,Verbal Warning,1,Test Not Given,88,Not Applicable,1,Test Not Given,88,Not Applicable,1,Not Ejected,99,Unknown,88,Not Applicable,1,Not Deployed,1,No,15,"Operated Motor Vehicle in Inattentive, Careless, Negligent, or Erratic Manner",88,Not Applicable,88,Not Applicable,88,Not Applicable,8,Outside the Vehicle (includes unspecified external distractions),,,,,,,,,,,,,,,,,,,,,,,11,"First Row, Left Seat",,,UnitedStates,99,Unknown,,99,99,Unknown,1,Not Transported,,
1198844,1,1,65,1,Male,CT,6511,1,Driver,O,No Apparent Injury (O),1,Apparently Normal,1,Apparently Normal,4,Arrest/Summons,1,Test Not Given,88,Not Applicable,1,Test Not Given,88,Not Applicable,1,Not Ejected,99,Unknown,88,Not Applicable,1,Not Deployed,1,No,12,Followed Too Closely,88,Not Applicable,88,Not Applicable,88,Not Applicable,99,Unknown if Distracted,,,,,,,,,,,,,,,,,,,,,,,11,"First Row, Left Seat",,New Haven,UnitedStates,99,Unknown,CT,99,99,Unknown,1,Not Transported,,
1200144,1,1,31,1,Male,CT,6706,1,Driver,C,Possible Injury (C),1,Apparently Normal,1,Apparently Normal,0,None taken,1,Test Not Given,88,Not Applicable,1,Test Not Given,88,Not Applicable,1,Not Ejected,1,Shoulder and Lap Belt Used,88,Not Applicable,1,Not Deployed,1,No,1,No Contributing Action,88,Not Applicable,88,Not Applicable,88,Not Applicable,1,Not Distracted,,,,,,,,,,,,,,,,,,,,,,,11,"First Row, Left Seat",,Waterbury,UnitedStates,2,State,CT,4,1,No,3,EMS Ground,AMER MED RESPONSE,YALE-NH HOSP
1198852,2,3,25,1,Male,NY,10467,1,Driver,O,No Apparent Injury (O),1,Apparently Normal,,,1,Verbal Warning,1,Test Not Given,88,Not Applicable,1,Test Not Given,88,Not Applicable,1,Not Ejected,4,"Restraint Used, Type Unknown",88,Not Applicable,1,Not Deployed,1,No,3,Failed to Yield Right-of-Way,88,Not Applicable,88,Not Applicable,88,Not Applicable,1,Not Distracted,,,,,,,,,,,,,,,,,,,,,,,11,"First Row, Left Seat",,Bronx,UnitedStates,2,State,NY,4,1,No,1,Not Transported,,
1200145,1,1,40,1,Male,CT,6515,1,Driver,C,Possible Injury (C),1,Apparently Normal,,,0,None taken,1,Test Not Given,88,Not Applicable,1,Test Not Given,88,Not Applicable,1,Not Ejected,1,Shoulder and Lap Belt Used,88,Not Applicable,6,Deployed-Combination,1,No,1,No Contributing Action,88,Not Applicable,88,Not Applicable,88,Not Applicable,1,Not Distracted,,,,,,,,,,,,,,,,,,,,,,,11,"First Row, Left Seat",,New Haven,UnitedStates,2,State,CT,4,1,No,3,EMS Ground,AMER MED RESPONSE,YALE-NH HOSP
1200431,2,2,39,1,Male,CT,6519,1,Driver,C,Possible Injury (C),1,Apparently Normal,1,Apparently Normal,0,None taken,1,Test Not Given,88,Not Applicable,1,Test Not Given,88,Not Applicable,1,Not Ejected,1,Shoulder and Lap Belt Used,88,Not Applicable,1,Not Deployed,1,No,99,Unknown,88,Not Applicable,88,Not Applicable,88,Not Applicable,99,Unknown if Distracted,,,,,,,,,,,,,,,,,,,,,,,11,"First Row, Left Seat",,New Haven,UnitedStates,2,State,CT,4,1,No,1,Not Transported,,
1200439,1,1,66,2,Female,CT,6518,1,Driver,C,Possible Injury (C),1,Apparently Normal,,,0,None taken,1,Test Not Given,88,Not Applicable,1,Test Not Given,88,Not Applicable,1,Not Ejected,1,Shoulder and Lap Belt Used,88,Not Applicable,1,Not Deployed,1,No,1,No Contributing Action,88,Not Applicable,88,Not Applicable,88,Not Applicable,1,Not Distracted,,,,,,,,,,,,,,,,,,,,,,,11,"First Row, Left Seat",,Hamden,UnitedStates,2,State,CT,4,1,No,1,Not Transported,,
1199359,1,1,31,2,Female,NY,10019,1,Driver,O,No Apparent Injury (O),1,Apparently Normal,,,1,Verbal Warning,1,Test Not Given,88,Not Applicable,1,Test Not Given,88,Not Applicable,1,Not Ejected,1,Shoulder and Lap Belt Used,88,Not Applicable,1,Not Deployed,1,No,3,Failed to Yield Right-of-Way,88,Not Applicable,88,Not Applicable,88,Not Applicable,1,Not Distracted,,,,,,,,,,,,,,,,,,,,,,,11,"First Row, Left Seat",,New York,UnitedStates,2,State,NY,4,1,No,1,Not Transported,,
1199722,2,2,54,1,Male,NJ,,1,Driver,O,No Apparent Injury (O),1,Apparently Normal,,,0,None taken,1,Test Not Given,88,Not Applicable,1,Test Not Given,88,Not Applicable,1,Not Ejected,99,Unknown,88,Not Applicable,1,Not Deployed,1,No,1,No Contributing Action,88,Not Applicable,88,Not Applicable,88,Not Applicable,1,Not Distracted,,,,,,,,,,,,,,,,,,,,,,,11,"First Row, Left Seat",,Fairlawn,UnitedStates,2,State,NJ,1,2,Yes,1,Not Transported,,
1201318,1,1,,1,Male,CT,,1,Driver,C,Possible Injury (C),1,Apparently Normal,1,Apparently Normal,0,None taken,1,Test Not Given,88,Not Applicable,1,Test Not Given,88,Not Applicable,1,Not Ejected,99,Unknown,88,Not Applicable,2,Deployed-Front,1,No,99,Unknown,88,Not Applicable,88,Not Applicable,88,Not Applicable,1,Not Distracted,,,,,,,,,,,,,,,,,,,,,,,11,"First Row, Left Seat",,New Haven,UnitedStates,,,,,,,3,EMS Ground,AMER MED RESPONSE,ST RAPHAELS-YNHH
1201319,2,2,40,1,Male,CT,6513,1,Driver,C,Possible Injury (C),1,Apparently Normal,,,0,None taken,1,Test Not Given,88,Not Applicable,1,Test Not Given,88,Not Applicable,1,Not Ejected,99,Unknown,88,Not Applicable,1,Not Deployed,1,No,1,No Contributing Action,88,Not Applicable,88,Not Applicable,88,Not Applicable,1,Not Distracted,,,,,,,,,,,,,,,,,,,,,,,11,"First Row, Left Seat",,New Haven,UnitedStates,2,State,CT,4,1,No,1,Not Transported,,
1199724,2,3,27,2,Female,CT,6512,1,Driver,O,No Apparent Injury (O),1,Apparently Normal,,,0,None taken,1,Test Not Given,88,Not Applicable,1,Test Not Given,88,Not Applicable,1,Not Ejected,99,Unknown,88,Not Applicable,1,Not Deployed,1,No,1,No Contributing Action,88,Not Applicable,88,Not Applicable,88,Not Applicable,1,Not Distracted,,,,,,,,,,,,,,,,,,,,,,,11,"First Row, Left Seat",,East Haven,UnitedStates,2,State,CT,4,1,No,1,Not Transported,,
1199724,1,1,66,2,Female,NY,11215,1,Driver,O,No Apparent Injury (O),1,Apparently Normal,,,1,Verbal Warning,1,Test Not Given,88,Not Applicable,1,Test Not Given,88,Not Applicable,1,Not Ejected,99,Unknown,88,Not Applicable,6,Deployed-Combination,1,No,5,Ran Stop Sign,88,Not Applicable,88,Not Applicable,88,Not Applicable,1,Not Distracted,,,,,,,,,,,,,,,,,,,,,,,11,"First Row, Left Seat",,Brooklyn,UnitedStates,2,State,NY,4,1,No,1,Not Transported,,
1201319,1,1,26,1,Male,CT,6412,1,Driver,C,Possible Injury (C),1,Apparently Normal,,,4,Arrest/Summons,1,Test Not Given,88,Not Applicable,1,Test Not Given,88,Not Applicable,1,Not Ejected,88,Not Applicable,1,No Helmet,88,Not applicable,1,No,11,Wrong Side or Wrong Way,14,Operated Motor Vehicle in Reckless or Aggressive Manner,88,Not Applicable,88,Not Applicable,1,Not Distracted,,,,,,,,,,,,,,,,,,,,,,,11,"First Row, Left Seat",,Chester,UnitedStates,99,Unknown,CT,99,99,Unknown,3,EMS Ground,AMER MED RESPONSE,
1201334,2,2,39,2,Female,CT,6511,1,Driver,C,Possible Injury (C),99,Unknown,99,Unknown,0,None taken,1,Test Not Given,88,Not Applicable,1,Test Not Given,88,Not Applicable,1,Not Ejected,1,Shoulder and Lap Belt Used,88,Not Applicable,1,Not Deployed,1,No,1,No Contributing Action,88,Not Applicable,88,Not Applicable,88,Not Applicable,1,Not Distracted,,,,,,,,,,,,,,,,,,,,,,,11,"First Row, Left Seat",,New Haven,UnitedStates,2,State,CT,4,1,No,3,EMS Ground,AMER MED RESPONSE,ST RAPHAELS-YNHH
1200137,2,2,37,2,Female,CT,6511,1,Driver,O,No Apparent Injury (O),99,Unknown,,,1,Verbal Warning,1,Test Not Given,88,Not Applicable,1,Test Not Given,88,Not Applicable,1,Not Ejected,99,Unknown,88,Not Applicable,1,Not Deployed,1,No,3,Failed to Yield Right-of-Way,88,Not Applicable,88,Not Applicable,88,Not Applicable,99,Unknown if Distracted,,,,,,,,,,,,,,,,,,,,,,,11,"First Row, Left Seat",,New Haven,UnitedStates,2,State,CT,4,1,No,1,Not Transported,,
1201337,1,1,42,2,Female,CT,6511,1,Driver,C,Possible Injury (C),1,Apparently Normal,1,Apparently Normal,1,Verbal Warning,1,Test Not Given,88,Not Applicable,1,Test Not Given,88,Not Applicable,1,Not Ejected,1,Shoulder and Lap Belt Used,88,Not Applicable,1,Not Deployed,1,No,2,Ran Off Roadway,88,Not Applicable,88,Not Applicable,88,Not Applicable,1,Not Distracted,,,,,,,,,,,,,,,,,,,,,,,11,"First Row, Left Seat",,New Haven,UnitedStates,2,State,CT,4,1,No,3,EMS Ground,AMR AMBULANCE,YALE-NH HOSP
1201338,2,2,52,2,Female,CT,6516,1,Driver,C,Possible Injury (C),1,Apparently Normal,1,Apparently Normal,0,None taken,1,Test Not Given,88,Not Applicable,1,Test Not Given,88,Not Applicable,1,Not Ejected,99,Unknown,88,Not Applicable,1,Not Deployed,1,No,1,No Contributing Action,88,Not Applicable,88,Not Applicable,88,Not Applicable,1,Not Distracted,,,,,,,,,,,,,,,,,,,,,,,11,"First Row, Left Seat",,West Haven,UnitedStates,2,State,CT,4,1,No,1,Not Transported,,
1201359,2,5,36,2,Female,CT,6511,1,Driver,B,Suspected Minor Injury (B),1,Apparently Normal,1,Apparently Normal,0,None taken,1,Test Not Given,88,Not Applicable,1,Test Not Given,88,Not Applicable,1,Not Ejected,0,None Used-Motor Vehicle Occupant,88,Not Applicable,1,Not Deployed,1,No,1,No Contributing Action,88,Not Applicable,88,Not Applicable,88,Not Applicable,1,Not Distracted,,,,,,,,,,,,,,,,,,,,,,,11,"First Row, Left Seat",,New Haven,UnitedStates,2,State,CT,4,1,No,3,EMS Ground,AMER MED RESPONSE,YALE-NH HOSP
1200431,1,1,26,1,Male,CT,,1,Driver,O,No Apparent Injury (O),1,Apparently Normal,1,Apparently Normal,3,Infraction,1,Test Not Given,88,Not Applicable,1,Test Not Given,88,Not Applicable,1,Not Ejected,1,Shoulder and Lap Belt Used,88,Not Applicable,1,Not Deployed,1,No,99,Unknown,88,Not Applicable,88,Not Applicable,88,Not Applicable,1,Not Distracted,,,,,,,,,,,,,,,,,,,,,,,11,"First Row, Left Seat",,Trumbull,UnitedStates,2,State,CT,4,1,No,1,Not Transported,,
1201705,2,2,48,2,Female,VA,23430,1,Driver,C,Possible Injury (C),1,Apparently Normal,1,Apparently Normal,0,None taken,1,Test Not Given,88,Not Applicable,1,Test Not Given,88,Not Applicable,1,Not Ejected,99,Unknown,88,Not Applicable,1,Not Deployed,1,No,1,No Contributing Action,88,Not Applicable,88,Not Applicable,88,Not Applicable,1,Not Distracted,,,,,,,,,,,,,,,,,,,,,,,11,"First Row, Left Seat",,Smithfield,UnitedStates,1,Not Licensed,VA,4,1,No,1,Not Transported,,
1200432,1,1,62,1,Male,CT,6405,1,Driver,O,No Apparent Injury (O),1,Apparently Normal,,,0,None taken,1,Test Not Given,88,Not Applicable,1,Test Not Given,88,Not Applicable,1,Not Ejected,1,Shoulder and Lap Belt Used,88,Not Applicable,1,Not Deployed,1,No,99,Unknown,88,Not Applicable,88,Not Applicable,88,Not Applicable,99,Unknown if Distracted,,,,,,,,,,,,,,,,,,,,,,,11,"First Row, Left Seat",,Branford,UnitedStates,2,State,CT,4,1,No,1,Not Transported,,
1200436,1,1,53,1,Male,CT,6514,1,Driver,O,No Apparent Injury (O),1,Apparently Normal,1,Apparently Normal,0,None taken,1,Test Not Given,88,Not Applicable,1,Test Not Given,88,Not Applicable,1,Not Ejected,99,Unknown,88,Not Applicable,1,Not Deployed,1,No,1,No Contributing Action,88,Not Applicable,88,Not Applicable,88,Not Applicable,1,Not Distracted,,,,,,,,,,,,,,,,,,,,,,,11,"First Row, Left Seat",,Hamden,UnitedStates,2,State,CT,4,1,No,1,Not Transported,,
1200438,2,2,84,1,Male,CT,6516,1,Driver,O,No Apparent Injury (O),1,Apparently Normal,1,Apparently Normal,1,Verbal Warning,1,Test Not Given,88,Not Applicable,1,Test Not Given,88,Not Applicable,1,Not Ejected,99,Unknown,88,Not Applicable,1,Not Deployed,1,No,12,Followed Too Closely,88,Not Applicable,88,Not Applicable,88,Not Applicable,1,Not Distracted,,,,,,,,,,,,,,,,,,,,,,,11,"First Row, Left Seat",,West Haven,UnitedStates,2,State,CT,4,1,No,1,Not Transported,,
1200438,1,1,34,1,Male,CT,6042,1,Driver,O,No Apparent Injury (O),1,Apparently Normal,1,Apparently Normal,0,None taken,1,Test Not Given,88,Not Applicable,1,Test Not Given,88,Not Applicable,1,Not Ejected,99,Unknown,88,Not Applicable,1,Not Deployed,1,No,1,No Contributing Action,1,No Contributing Action,88,Not Applicable,88,Not Applicable,1,Not Distracted,,,,,,,,,,,,,,,,,,,,,,,11,"First Row, Left Seat",,Manchester,UnitedStates,2,State,CT,4,1,No,1,Not Transported,,
1200439,2,2,36,1,Male,CT,6511,1,Driver,O,No Apparent Injury (O),1,Apparently Normal,,,1,Verbal Warning,1,Test Not Given,88,Not Applicable,1,Test Not Given,88,Not Applicable,1,Not Ejected,1,Shoulder and Lap Belt Used,88,Not Applicable,1,Not Deployed,1,No,12,Followed Too Closely,88,Not Applicable,88,Not Applicable,88,Not Applicable,1,Not Distracted,,,,,,,,,,,,,,,,,,,,,,,11,"First Row, Left Seat",,New Haven,UnitedStates,2,State,CT,1,2,Yes,1,Not Transported,,
1202112,1,1,30,2,Female,CT,6519,1,Driver,C,Possible Injury (C),1,Apparently Normal,1,Apparently Normal,1,Verbal Warning,1,Test Not Given,88,Not Applicable,1,Test Not Given,88,Not Applicable,1,Not Ejected,99,Unknown,88,Not Applicable,3,Deployed-Side,1,No,1,No Contributing Action,88,Not Applicable,88,Not Applicable,88,Not Applicable,1,Not Distracted,,,,,,,,,,,,,,,,,,,,,,,11,"First Row, Left Seat",,New Haven,UnitedStates,1,Not Licensed,CT,0,1,No,3,EMS Ground,AMER MED RESPONSE,YALE-NH HOSP
1202116,1,1,41,1,Male,CT,6519,1,Driver,C,Possible Injury (C),1,Apparently Normal,1,Apparently Normal,0,None taken,1,Test Not Given,88,Not Applicable,1,Test Not Given,88,Not Applicable,1,Not Ejected,99,Unknown,88,Not Applicable,1,Not Deployed,1,No,1,No Contributing Action,88,Not Applicable,88,Not Applicable,88,Not Applicable,1,Not Distracted,,,,,,,,,,,,,,,,,,,,,,,11,"First Row, Left Seat",,New Haven,UnitedStates,2,State,,4,1,No,3,EMS Ground,AMER MED RESPONSE,YALE-NH HOSP
1202125,2,2,21,2,Female,PA,19518,1,Driver,C,Possible Injury (C),1,Apparently Normal,1,Apparently Normal,0,None taken,1,Test Not Given,88,Not Applicable,1,Test Not Given,88,Not Applicable,1,Not Ejected,99,Unknown,88,Not Applicable,1,Not Deployed,1,No,1,No Contributing Action,88,Not Applicable,88,Not Applicable,88,Not Applicable,1,Not Distracted,,,,,,,,,,,,,,,,,,,,,,,11,"First Row, Left Seat",,Douglassville,UnitedStates,2,State,PA,3,1,No,1,Not Transported,,
1201319,3,3,18,1,Male,CT,0,1,Driver,O,No Apparent Injury (O),1,Apparently Normal,,,0,None taken,1,Test Not Given,88,Not Applicable,1,Test Not Given,88,Not Applicable,1,Not Ejected,99,Unknown,88,Not Applicable,1,Not Deployed,1,No,1,No Contributing Action,88,Not Applicable,88,Not Applicable,88,Not Applicable,1,Not Distracted,,,,,,,,,,,,,,,,,,,,,,,11,"First Row, Left Seat",,Weston,UnitedStates,2,State,CT,4,1,No,1,Not Transported,,
1202127,1,1,47,1,Male,CT,6492,1,Driver,C,Possible Injury (C),1,Apparently Normal,1,Apparently Normal,0,None taken,1,Test Not Given,88,Not Applicable,1,Test Not Given,88,Not Applicable,1,Not Ejected,99,Unknown,88,Not Applicable,1,Not Deployed,1,No,1,No Contributing Action,88,Not Applicable,88,Not Applicable,88,Not Applicable,1,Not Distracted,,,,,,,,,,,,,,,,,,,,,,,11,"First Row, Left Seat",,Wallingford,UnitedStates,2,State,CT,4,1,No,1,Not Transported,,
1201330,1,1,56,2,Female,CT,6511,1,Driver,O,No Apparent Injury (O),1,Apparently Normal,,,0,None taken,1,Test Not Given,88,Not Applicable,1,Test Not Given,88,Not Applicable,1,Not Ejected,99,Unknown,88,Not Applicable,1,Not Deployed,1,No,1,No Contributing Action,88,Not Applicable,88,Not Applicable,88,Not Applicable,1,Not Distracted,,,,,,,,,,,,,,,,,,,,,,,11,"First Row, Left Seat",,New Haven,UnitedStates,2,State,CT,4,1,No,1,Not Transported,,
1201334,1,1,49,1,Male,CT,6511,1,Driver,O,No Apparent Injury (O),1,Apparently Normal,1,Apparently Normal,1,Verbal Warning,1,Test Not Given,88,Not Applicable,1,Test Not Given,88,Not Applicable,1,Not Ejected,1,Shoulder and Lap Belt Used,88,Not Applicable,1,Not Deployed,1,No,9,Improper Backing,88,Not Applicable,88,Not Applicable,88,Not Applicable,1,Not Distracted,,,,,,,,,,,,,,,,,,,,,,,11,"First Row, Left Seat",,New Haven,UnitedStates,2,State,CT,4,1,No,1,Not Transported,,
1202130,1,1,62,1,Male,CT,6473,1,Driver,B,Suspected Minor Injury (B),2,Physically Impaired,,,1,Verbal Warning,1,Test Not Given,88,Not Applicable,1,Test Not Given,88,Not Applicable,1,Not Ejected,1,Shoulder and Lap Belt Used,88,Not Applicable,1,Not Deployed,1,No,11,Wrong Side or Wrong Way,88,Not Applicable,88,Not Applicable,88,Not Applicable,99,Unknown if Distracted,,,,,,,,,,,,,,,,,,,,,,,11,"First Row, Left Seat",,North Haven,UnitedStates,2,State,CT,4,2,Yes,3,EMS Ground,AMER MED RESPONSE,YALE-NH HOSP
1202425,1,1,55,1,Male,CT,6511,1,Driver,C,Possible Injury (C),1,Apparently Normal,1,Apparently Normal,0,None taken,1,Test Not Given,88,Not Applicable,1,Test Not Given,88,Not Applicable,1,Not Ejected,1,Shoulder and Lap Belt Used,88,Not Applicable,1,Not Deployed,1,No,1,No Contributing Action,88,Not Applicable,88,Not Applicable,88,Not Applicable,1,Not Distracted,,,,,,,,,,,,,,,,,,,,,,,11,"First Row, Left Seat",,New Haven,UnitedStates,2,State,CT,4,1,No,1,Not Transported,,
1201338,1,1,39,2,Female,CT,6519,1,Driver,O,No Apparent Injury (O),6,Under the Influence of Medications/Drugs/Alcohol,6,Under the Influence of Medications/Drugs/Alcohol,4,Arrest/Summons,3,Test Given,88,Not Applicable,1,Test Not Given,88,Not Applicable,1,Not Ejected,99,Unknown,88,Not Applicable,2,Deployed-Front,1,No,12,Followed Too Closely,88,Not Applicable,88,Not Applicable,88,Not Applicable,1,Not Distracted,,,,,,,,,,,,,,,,,,,,,,,11,"First Row, Left Seat",,New Haven,UnitedStates,1,Not Licensed,,88,1,No,1,Not Transported,,
1202792,1,1,,2,Female,CT,6511,1,Driver,C,Possible Injury (C),1,Apparently Normal,,,0,None taken,1,Test Not Given,88,Not Applicable,1,Test Not Given,88,Not Applicable,1,Not Ejected,1,Shoulder and Lap Belt Used,88,Not Applicable,1,Not Deployed,1,No,1,No Contributing Action,88,Not Applicable,88,Not Applicable,88,Not Applicable,1,Not Distracted,,,,,,,,,,,,,,,,,,,,,,,11,"First Row, Left Seat",,New Haven,UnitedStates,2,State,CT,4,1,No,3,EMS Ground,AMER MED RESPONSE,YALE-NH HOSP
1202800,1,1,33,2,Female,CT,,1,Driver,A,Suspected Serious Injury (A),99,Unknown,,,1,Verbal Warning,1,Test Not Given,88,Not Applicable,1,Test Not Given,88,Not Applicable,1,Not Ejected,99,Unknown,88,Not Applicable,1,Not Deployed,1,No,3,Failed to Yield Right-of-Way,88,Not Applicable,88,Not Applicable,88,Not Applicable,99,Unknown if Distracted,,,,,,,,,,,,,,,,,,,,,,,11,"First Row, Left Seat",,New Haven,UnitedStates,2,State,CT,4,1,No,3,EMS Ground,AMER MED RESPONSE,YALE-NH HOSP
1201359,1,1,25,2,Female,CT,6516,1,Driver,O,No Apparent Injury (O),1,Apparently Normal,1,Apparently Normal,1,Verbal Warning,1,Test Not Given,88,Not Applicable,1,Test Not Given,88,Not Applicable,1,Not Ejected,0,None Used-Motor Vehicle Occupant,88,Not Applicable,1,Not Deployed,1,No,1,No Contributing Action,88,Not Applicable,88,Not Applicable,88,Not Applicable,1,Not Distracted,,,,,,,,,,,,,,,,,,,,,,,11,"First Row, Left Seat",,West Haven,UnitedStates,2,State,CT,4,1,No,1,Not Transported,,
1202800,2,2,37,2,Female,CT,,1,Driver,C,Possible Injury (C),99,Unknown,,,0,None taken,1,Test Not Given,88,Not Applicable,1,Test Not Given,88,Not Applicable,1,Not Ejected,99,Unknown,88,Not Applicable,6,Deployed-Combination,1,No,1,No Contributing Action,88,Not Applicable,88,Not Applicable,88,Not Applicable,99,Unknown if Distracted,,,,,,,,,,,,,,,,,,,,,,,11,"First Row, Left Seat",,Seymour,UnitedStates,99,Unknown,CT,4,1,No,3,EMS Ground,AMER MED RESPONSE,YALE-NH HOSP
1201705,1,1,47,1,Male,NJ,7009,1,Driver,O,No Apparent Injury (O),1,Apparently Normal,1,Apparently Normal,1,Verbal Warning,1,Test Not Given,88,Not Applicable,1,Test Not Given,88,Not Applicable,1,Not Ejected,99,Unknown,88,Not Applicable,1,Not Deployed,1,No,3,Failed to Yield Right-of-Way,88,Not Applicable,88,Not Applicable,88,Not Applicable,1,Not Distracted,,,,,,,,,,,,,,,,,,,,,,,11,"First Row, Left Seat",,Cedar Grove,UnitedStates,2,State,NJ,4,1,No,1,Not Transported,,
1202112,2,2,41,2,Female,CT,6519,1,Driver,O,No Apparent Injury (O),1,Apparently Normal,1,Apparently Normal,1,Verbal Warning,1,Test Not Given,88,Not Applicable,1,Test Not Given,88,Not Applicable,1,Not Ejected,99,Unknown,88,Not Applicable,1,Not Deployed,1,No,3,Failed to Yield Right-of-Way,88,Not Applicable,88,Not Applicable,88,Not Applicable,1,Not Distracted,,,,,,,,,,,,,,,,,,,,,,,11,"First Row, Left Seat",,New Haven,UnitedStates,1,Not Licensed,CT,0,1,No,1,Not Transported,,
1202805,1,1,66,2,Female,NC,,1,Driver,C,Possible Injury (C),1,Apparently Normal,,,0,None taken,1,Test Not Given,88,Not Applicable,1,Test Not Given,88,Not Applicable,1,Not Ejected,99,Unknown,88,Not Applicable,1,Not Deployed,1,No,1,No Contributing Action,88,Not Applicable,88,Not Applicable,88,Not Applicable,1,Not Distracted,,,,,,,,,,,,,,,,,,,,,,,11,"First Row, Left Seat",,Clayton,UnitedStates,2,State,NC,4,1,No,1,Not Transported,,
1204174,1,1,20,2,Female,NY,10541,1,Driver,C,Possible Injury (C),1,Apparently Normal,,,1,Verbal Warning,1,Test Not Given,88,Not Applicable,1,Test Not Given,88,Not Applicable,1,Not Ejected,99,Unknown,88,Not Applicable,1,Not Deployed,1,No,10,Improper Passing,88,Not Applicable,88,Not Applicable,88,Not Applicable,1,Not Distracted,,,,,,,,,,,,,,,,,,,,,,,11,"First Row, Left Seat",,Mahopac,UnitedStates,2,State,NY,4,1,No,3,EMS Ground,AMER MED RESPONSE,YALE-NH HOSP
1202124,1,1,46,2,Female,CT,6511,1,Driver,O,No Apparent Injury (O),1,Apparently Normal,,,0,None taken,1,Test Not Given,88,Not Applicable,1,Test Not Given,88,Not Applicable,1,Not Ejected,1,Shoulder and Lap Belt Used,88,Not Applicable,1,Not Deployed,1,No,1,No Contributing Action,88,Not Applicable,88,Not Applicable,88,Not Applicable,1,Not Distracted,,,,,,,,,,,,,,,,,,,,,,,11,"First Row, Left Seat",,New Haven,UnitedStates,2,State,CT,4,1,No,1,Not Transported,,