CrashId,VehicleId,PersonId,Age,Gender,Gender Text Format,State,Postal Code,Person Type,Person Type Text Format,Injury Status,Injury Status Text Format,Condition at Time of Crash,Condition at Time of Crash Text Format,Condition at Time of Crash2,Condition at Time of Crash2 Text Format,Action Taken by Officer,Action Taken by Officer Text Format,Alcohol Test Status,Alcohol Test Status Text Format,Type Of Alcohol Test,Type Of Alcohol Test Text Format,Drug Test Status,Drug Test Status Text Format,Type Of Drig Test,Type Of Drig Test Text Format,Ejection Status,Ejection Status Text Format,Restraint System,Restraint System Text Format,Helmet Use,Helmet Use Text Format,Air Bag Status,Air Bag Status Text Format,Speeding Related,Speeding Related Text Format,Driver Actions 1,Driver Actions 1 Text Format,Driver Actions 2,Driver Actions 2 Text Format,Driver Actions 3,Driver Actions 3 Text Format,Driver Actions 4,Driver Actions 4 Text Format,Driver Distracted By,Driver Distracted By Text Format,Roadway On Which Nonmotorist Was Traveling/Located,Direction nonmotorist was traveling,Direction Unknown,Striking Motor Vehicle ID,Bicycle ID,Non-Motorist Not In Roadway,Actions or Circumstances Prior to Crash,Actions or Circumstances Prior to Crash Text Format,To or From School,To or From School Text Format,Actions or Circumstances At Time Of Crash,Actions or Circumstances At Time Of Crash Text Format,Actions or Circumstances At Time Of Crash2,Actions or Circumstances At Time Of Crash2 Text Format,Location At Time Of Crash,Location At Time Of Crash Text Format,Safety Equipment,Safety Equipment Text Format,Safety Equipment2,Safety Equipment2 Text Format,Non-motorist Distracted By,Non-motorist Distracted By Text Format,Seating Position,Seating Position Text Format,Seating Position for Bus,City,Country,Driver License Jurisdiction,Driver License Jurisdiction Text Format,Drivers License Issued By,Drivers License Class,Commercial License Class,Commercial License Class Text Format,Transported to First Medical Facility By,Transported to First Medical Facility By Text Format,Name of the EMS agency,Name of the Intended Receiving Facility
919367,,4,28,2,Female,CT,6518,3,Pedestrian,B,Suspected Minor Injury (B),1,Apparently Normal,1,Apparently Normal,0,None taken,1,Test Not Given,88,Not Applicable,1,Test Not Given,88,Not Applicable,,,,,,,,,,,,,,,,,,,,,CHURCH ST,N,FALSE,2,,FALSE,1,Crossing Roadway,99,Unknown,4,"Failure to Obey Traffic Signs, Signals, or Officer",88,Not Applicable,1,Intersection-Marked Crosswalk,0,None,88,Not Applicable,7,"Other, Outside Vehicle",,,,Hamden,UnitedStates,2,State,CT,,,,3,EMS Ground,AMER MED RESPONSE,YALE-NH HOSP
919367,,5,39,2,Female,CT,,9,Witness,,,,,,,,,,,,,,,,,,,,,,,,,,,,,,,,,,,,,,,,,,,,,,,,,,,,,,,,,,,,,,Bethany,UnitedStates,,,,,,,,,,
919367,2,3,28,2,Female,CT,,2,Passenger,O,No Apparent Injury (O),,,,,,,,,,,,,,,1,Not Ejected,99,Unknown,88,Not Applicable,1,Not Deployed,,,,,,,,,,,,,,,,,,,,,,,,,,,,,,,,,,,13,"First Row, Right Seat",,New Haven,UnitedStates,,,CT,,,,1,Not Transported,,
919367,,6,44,2,Female,CT,,9,Witness,,,,,,,,,,,,,,,,,,,,,,,,,,,,,,,,,,,,,,,,,,,,,,,,,,,,,,,,,,,,,,New Haven,UnitedStates,,,,,,,,,,
919371,,3,38,1,Male,CT,,9,Witness,,,,,,,,,,,,,,,,,,,,,,,,,,,,,,,,,,,,,,,,,,,,,,,,,,,,,,,,,,,,,,New Haven,UnitedStates,,,,,,,,,,
919379,,2,37,2,Female,CT,6515,3,Pedestrian,C,Possible Injury (C),1,Apparently Normal,1,Apparently Normal,1,Verbal Warning,1,Test Not Given,88,Not Applicable,1,Test Not Given,88,Not Applicable,,,,,,,,,,,,,,,,,,,,,WINCHESTER AVE,,TRUE,1,,FALSE,7,"Adjacent to Roadway (e.g., Shoulder, Median)",1,No,2,Dart/Dash,88,Not Applicable,5,Travel Lane-Other Location,0,None,88,Not Applicable,1,Not Distracted,,,,New Haven,UnitedStates,1,Not Licensed,CT,,,,3,EMS Ground,AMER MED RESPONSE,YALE-NH HOSP
919382,2,3,17,1,Male,CT,,2,Passenger,C,Possible Injury (C),,,,,,,,,,,,,,,1,Not Ejected,1,Shoulder and Lap Belt Used,88,Not Applicable,1,Not Deployed,,,,,,,,,,,,,,,,,,,,,,,,,,,,,,,,,,,23,"Second Row, Right Seat",,New Haven,UnitedStates,,,,,,,1,Not Transported,,
919382,2,4,14,1,Male,CT,,2,Passenger,C,Possible Injury (C),,,,,,,,,,,,,,,1,Not Ejected,1,Shoulder and Lap Belt Used,88,Not Applicable,1,Not Deployed,,,,,,,,,,,,,,,,,,,,,,,,,,,,,,,,,,,33,"Third Row, Right Seat",,New Haven,UnitedStates,,,,,,,1,Not Transported,,
920002,2,4,36,1,Male,CT,,2,Passenger,O,No Apparent Injury (O),,,,,,,,,,,,,,,1,Not Ejected,99,Unknown,88,Not Applicable,1,Not Deployed,,,,,,,,,,,,,,,,,,,,,,,,,,,,,,,,,,,13,"First Row, Right Seat",,West Haven,UnitedStates,,,,,,,1,Not Transported,,
920002,1,2,47,2,Female,CT,,2,Passenger,C,Possible Injury (C),,,,,,,,,,,,,,,1,Not Ejected,1,Shoulder and Lap Belt Used,88,Not Applicable,1,Not Deployed,,,,,,,,,,,,,,,,,,,,,,,,,,,,,,,,,,,13,"First Row, Right Seat",,New Haven,UnitedStates,,,,,,,3,EMS Ground,AMER MED RESPONSE,YALE-NH HOSP
920003,1,2,45,1,Male,CT,6513,2,Passenger,C,Possible Injury (C),,,,,,,,,,,,,,,1,Not Ejected,99,Unknown,88,Not Applicable,2,Deployed-Front,,,,,,,,,,,,,,,,,,,,,,,,,,,,,,,,,,,11,"First Row, Left Seat",,New Haven,UnitedStates,,,,,,,3,EMS Ground,AMER MED RESPONSE,YALE-NH HOSP
920009,1,3,76,2,Female,CT,,2,Passenger,C,Possible Injury (C),,,,,,,,,,,,,,,1,Not Ejected,99,Unknown,88,Not Applicable,1,Not Deployed,,,,,,,,,,,,,,,,,,,,,,,,,,,,,,,,,,,23,"Second Row, Right Seat",,East Haven,UnitedStates,,,,,,,3,EMS Ground,AMER MED RESPONSE,ST RAPHAELS-YNHH
920009,1,2,79,2,Female,CT,6511,2,Passenger,C,Possible Injury (C),,,,,,,,,,,,,,,1,Not Ejected,99,Unknown,88,Not Applicable,1,Not Deployed,,,,,,,,,,,,,,,,,,,,,,,,,,,,,,,,,,,13,"First Row, Right Seat",,New Haven,UnitedStates,,,,,,,3,EMS Ground,AMER MED RESPONSE,ST RAPHAELS-YNHH
920009,2,5,9,2,Female,CT,6418,2,Passenger,O,No Apparent Injury (O),,,,,,,,,,,,,,,1,Not Ejected,99,Unknown,88,Not Applicable,1,Not Deployed,,,,,,,,,,,,,,,,,,,,,,,,,,,,,,,,,,,13,"First Row, Right Seat",,Derby,UnitedStates,,,,,,,1,Not Transported,,
920373,,3,40,2,Female,CT,,9,Witness,,,,,,,,,,,,,,,,,,,,,,,,,,,,,,,,,,,,,,,,,,,,,,,,,,,,,,,,,,,,,,New Haven,UnitedStates,,,,,,,,,,
920378,,2,24,1,Male,CT,6513,6,Other Cyclist,B,Suspected Minor Injury (B),2,Physically Impaired,2,Physically Impaired,0,None taken,1,Test Not Given,88,Not Applicable,1,Test Not Given,88,Not Applicable,,,,,,,,,,,,,,,,,,,,,GRAND AVENUE,W,FALSE,1,2,FALSE,3,Walking/Cycling along Roadway Along Traffic (In or Adjacent to Travel Lane),1,No,1,No Improper Action,88,Not Applicable,7,Shoulder/Roadside,0,None,88,Not Applicable,1,Not Distracted,,,,New Haven,UnitedStates,2,State,CT,,,,3,EMS Ground,AMER MED RESPONSE,
920383,,1,29,1,Male,CT,6511,3,Pedestrian,A,Suspected Serious Injury (A),99,Unknown,99,Unknown,0,None taken,1,Test Not Given,88,Not Applicable,1,Test Not Given,88,Not Applicable,,,,,,,,,,,,,,,,,,,,,CHAPEL ST,N,FALSE,1,,FALSE,1,Crossing Roadway,1,No,2,Dart/Dash,88,Not Applicable,5,Travel Lane-Other Location,0,None,88,Not Applicable,1,Not Distracted,,,,New Haven,UnitedStates,1,Not Licensed,CT,,,,3,EMS Ground,AMER MED RESPONSE,YALE-NH HOSP
920386,,3,49,1,Male,CT,,9,Witness,,,,,,,,,,,,,,,,,,,,,,,,,,,,,,,,,,,,,,,,,,,,,,,,,,,,,,,,,,,,,,New Haven,UnitedStates,,,,,,,,,,
920392,1,2,23,2,Female,CT,,2,Passenger,O,No Apparent Injury (O),,,,,,,,,,,,,,,1,Not Ejected,99,Unknown,88,Not Applicable,1,Not Deployed,,,,,,,,,,,,,,,,,,,,,,,,,,,,,,,,,,,13,"First Row, Right Seat",,New Haven,UnitedStates,,,,,,,1,Not Transported,,
920392,2,4,39,1,Male,,,2,Passenger,C,Possible Injury (C),,,,,,,,,,,,,,,1,Not Ejected,99,Unknown,88,Not Applicable,1,Not Deployed,,,,,,,,,,,,,,,,,,,,,,,,,,,,,,,,,,,13,"First Row, Right Seat",,,UnitedStates,,,,,,,3,EMS Ground,AMER MED RESPONSE,ST RAPHAELS-YNHH
920400,,2,22,1,Male,CT,6519,3,Pedestrian,B,Suspected Minor Injury (B),2,Physically Impaired,,,1,Verbal Warning,1,Test Not Given,88,Not Applicable,1,Test Not Given,88,Not Applicable,,,,,,,,,,,,,,,,,,,,,CHURCH ST,W,FALSE,1,,FALSE,1,Crossing Roadway,1,No,97,Other,88,Not Applicable,5,Travel Lane-Other Location,0,None,88,Not Applicable,1,Not Distracted,,,,New Haven,UnitedStates,2,State,CT,,,,3,EMS Ground,AMER MED RESPONSE,YALE-NH HOSP
920401,1,3,42,2,Female,NY,10009,2,Passenger,O,No Apparent Injury (O),,,,,,,,,,,,,,,1,Not Ejected,4,"Restraint Used, Type Unknown",88,Not Applicable,1,Not Deployed,,,,,,,,,,,,,,,,,,,,,,,,,,,,,,,,,,,13,"First Row, Right Seat",,New York,UnitedStates,,,NY,,,,1,Not Transported,,
920401,,4,49,2,Female,CT,,9,Witness,,,,,,,,,,,,,,,,,,,,,,,,,,,,,,,,,,,,,,,,,,,,,,,,,,,,,,,,,,,,,,Hamden,UnitedStates,,,,,,,,,,
920404,2,5,18,2,Female,CT,6513,2,Passenger,O,No Apparent Injury (O),,,,,,,,,,,,,,,1,Not Ejected,99,Unknown,88,Not Applicable,1,Not Deployed,,,,,,,,,,,,,,,,,,,,,,,,,,,,,,,,,,,21,"Second Row, Left Seat",,New Haven,UnitedStates,,,CT,,,,1,Not Transported,,
920404,2,4,17,2,Female,NC,27517,2,Passenger,C,Possible Injury (C),,,,,,,,,,,,,,,1,Not Ejected,99,Unknown,88,Not Applicable,4,Deployed-Curtain,,,,,,,,,,,,,,,,,,,,,,,,,,,,,,,,,,,23,"Second Row, Right Seat",,Chapel Hill,UnitedStates,,,NC,,,,3,EMS Ground,AMER MED RESPONSE,YALE-NH HOSP
920404,2,3,17,2,Female,CT,6450,2,Passenger,C,Possible Injury (C),,,,,,,,,,,,,,,1,Not Ejected,99,Unknown,88,Not Applicable,3,Deployed-Side,,,,,,,,,,,,,,,,,,,,,,,,,,,,,,,,,,,13,"First Row, Right Seat",,Meriden,UnitedStates,,,CT,,,,3,EMS Ground,AMER MED RESPONSE,YALE-NH HOSP
920409,,2,56,1,Male,CT,,9,Witness,,,,,,,,,,,,,,,,,,,,,,,,,,,,,,,,,,,,,,,,,,,,,,,,,,,,,,,,,,,,,,New Haven,UnitedStates,,,,,,,,,,
920960,2,4,22,1,Male,CT,6513,2,Passenger,O,No Apparent Injury (O),,,,,,,,,,,,,,,1,Not Ejected,1,Shoulder and Lap Belt Used,88,Not Applicable,2,Deployed-Front,,,,,,,,,,,,,,,,,,,,,,,,,,,,,,,,,,,13,"First Row, Right Seat",,New Haven,UnitedStates,,,,,,,1,Not Transported,,
920960,2,5,32,1,Male,CT,6513,2,Passenger,O,No Apparent Injury (O),,,,,,,,,,,,,,,1,Not Ejected,1,Shoulder and Lap Belt Used,88,Not Applicable,1,Not Deployed,,,,,,,,,,,,,,,,,,,,,,,,,,,,,,,,,,,23,"Second Row, Right Seat",,New Haven,UnitedStates,,,,,,,1,Not Transported,,
920960,1,2,22,1,Male,CT,6513,2,Passenger,C,Possible Injury (C),,,,,,,,,,,,,,,1,Not Ejected,1,Shoulder and Lap Belt Used,88,Not Applicable,1,Not Deployed,,,,,,,,,,,,,,,,,,,,,,,,,,,,,,,,,,,13,"First Row, Right Seat",,New Haven,UnitedStates,,,,,,,3,EMS Ground,AMER MED RESPONSE,ST RAPHAELS-YNHH
920975,2,4,58,2,Female,CT,6511,2,Passenger,C,Possible Injury (C),,,,,,,,,,,,,,,1,Not Ejected,99,Unknown,88,Not Applicable,1,Not Deployed,,,,,,,,,,,,,,,,,,,,,,,,,,,,,,,,,,,23,"Second Row, Right Seat",,New Haven,UnitedStates,,,CT,,,,3,EMS Ground,AMER MED RESPONSE,YALE-NH HOSP
920975,1,2,3,1,Male,CT,6514,2,Passenger,O,No Apparent Injury (O),,,,,,,,,,,,,,,1,Not Ejected,5,"Child Restraint System, Forward Facing",88,Not Applicable,1,Not Deployed,,,,,,,,,,,,,,,,,,,,,,,,,,,,,,,,,,,23,"Second Row, Right Seat",,Hamden,UnitedStates,,,,,,,1,Not Transported,,
921268,,2,53,1,Male,CT,,3,Pedestrian,B,Suspected Minor Injury (B),1,Apparently Normal,,,1,Verbal Warning,1,Test Not Given,88,Not Applicable,1,Test Not Given,88,Not Applicable,,,,,,,,,,,,,,,,,,,,,HOWARD AVE,W,FALSE,1,,FALSE,1,Crossing Roadway,1,No,4,"Failure to Obey Traffic Signs, Signals, or Officer",88,Not Applicable,1,Intersection-Marked Crosswalk,0,None,88,Not Applicable,1,Not Distracted,,,,New Haven,UnitedStates,,,,,,,1,Not Transported,,
921273,2,5,2,1,Male,CT,,2,Passenger,O,No Apparent Injury (O),,,,,,,,,,,,,,,1,Not Ejected,5,"Child Restraint System, Forward Facing",88,Not Applicable,1,Not Deployed,,,,,,,,,,,,,,,,,,,,,,,,,,,,,,,,,,,23,"Second Row, Right Seat",,New Haven,UnitedStates,,,,,,,1,Not Transported,,
921273,1,2,20,2,Female,CT,,2,Passenger,O,No Apparent Injury (O),,,,,,,,,,,,,,,1,Not Ejected,1,Shoulder and Lap Belt Used,88,Not Applicable,1,Not Deployed,,,,,,,,,,,,,,,,,,,,,,,,,,,,,,,,,,,13,"First Row, Right Seat",,New Haven,UnitedStates,,,CT,,,,1,Not Transported,,
921273,2,6,23,2,Female,CT,,2,Passenger,O,No Apparent Injury (O),,,,,,,,,,,,,,,1,Not Ejected,1,Shoulder and Lap Belt Used,88,Not Applicable,1,Not Deployed,,,,,,,,,,,,,,,,,,,,,,,,,,,,,,,,,,,22,"Second Row, Middle Seat",,New Haven,UnitedStates,,,,,,,1,Not Transported,,
921273,2,7,14,1,Male,CT,,2,Passenger,O,No Apparent Injury (O),,,,,,,,,,,,,,,1,Not Ejected,1,Shoulder and Lap Belt Used,88,Not Applicable,1,Not Deployed,,,,,,,,,,,,,,,,,,,,,,,,,,,,,,,,,,,21,"Second Row, Left Seat",,New Haven,UnitedStates,,,,,,,1,Not Transported,,
921273,2,4,15,1,Male,CT,,2,Passenger,C,Possible Injury (C),,,,,,,,,,,,,,,1,Not Ejected,1,Shoulder and Lap Belt Used,88,Not Applicable,1,Not Deployed,,,,,,,,,,,,,,,,,,,,,,,,,,,,,,,,,,,11,"First Row, Left Seat",,New Haven,UnitedStates,,,,,,,1,Not Transported,,
921521,2,5,3,1,Male,CT,,2,Passenger,O,No Apparent Injury (O),,,,,,,,,,,,,,,1,Not Ejected,6,"Child Restraint System, Rear Facing",88,Not Applicable,88,Not applicable,,,,,,,,,,,,,,,,,,,,,,,,,,,,,,,,,,,23,"Second Row, Right Seat",,New Haven,UnitedStates,,,,,,,1,Not Transported,,
921521,2,4,26,1,Male,CT,,2,Passenger,C,Possible Injury (C),,,,,,,,,,,,,,,1,Not Ejected,1,Shoulder and Lap Belt Used,88,Not Applicable,1,Not Deployed,,,,,,,,,,,,,,,,,,,,,,,,,,,,,,,,,,,13,"First Row, Right Seat",,New Haven,UnitedStates,,,,,,,3,EMS Ground,AMER MED RESPONSE,YALE-NH HOSP
921535,2,3,44,1,Male,CT,6519,2,Passenger,C,Possible Injury (C),,,,,,,,,,,,,,,1,Not Ejected,1,Shoulder and Lap Belt Used,88,Not Applicable,1,Not Deployed,,,,,,,,,,,,,,,,,,,,,,,,,,,,,,,,,,,13,"First Row, Right Seat",,New Haven,UnitedStates,,,CT,,,,3,EMS Ground,AMER MED RESPONSE,YALE-NH HOSP
921821,2,3,54,2,Female,CT,6519,2,Passenger,C,Possible Injury (C),,,,,,,,,,,,,,,1,Not Ejected,1,Shoulder and Lap Belt Used,88,Not Applicable,1,Not Deployed,,,,,,,,,,,,,,,,,,,,,,,,,,,,,,,,,,,13,"First Row, Right Seat",,New Haven,UnitedStates,,,CT,,,,3,EMS Ground,AMER MED RESPONSE,ST RAPHAELS-YNHH
921826,1,2,28,2,Female,CT,6514,2,Passenger,C,Possible Injury (C),,,,,,,,,,,,,,,1,Not Ejected,99,Unknown,88,Not Applicable,1,Not Deployed,,,,,,,,,,,,,,,,,,,,,,,,,,,,,,,,,,,11,"First Row, Left Seat",,Hamden,UnitedStates,,,CT,,,,1,Not Transported,,
922213,,3,,2,Female,,,9,Witness,,,,,,,,,,,,,,,,,,,,,,,,,,,,,,,,,,,,,,,,,,,,,,,,,,,,,,,,,,,,,,,UnitedStates,,,,,,,,,,
922213,,1,45,1,Male,CT,6515,5,Bicyclist,B,Suspected Minor Injury (B),1,Apparently Normal,1,Apparently Normal,0,None taken,1,Test Not Given,88,Not Applicable,1,Test Not Given,88,Not Applicable,,,,,,,,,,,,,,,,,,,,,CHAPEL ST,,FALSE,2,1,FALSE,3,Walking/Cycling along Roadway Along Traffic (In or Adjacent to Travel Lane),1,No,1,No Improper Action,88,Not Applicable,5,Travel Lane-Other Location,99,Unknown,88,Not Applicable,1,Not Distracted,,,,New Haven,UnitedStates,2,State,CT,,,,97,Other,,YALE-NH HOSP
922218,,2,22,1,Male,CT,,5,Bicyclist,C,Possible Injury (C),2,Physically Impaired,,,0,None taken,1,Test Not Given,88,Not Applicable,1,Test Not Given,88,Not Applicable,,,,,,,,,,,,,,,,,,,,,GRAND AVE,E,FALSE,1,2,FALSE,3,Walking/Cycling along Roadway Along Traffic (In or Adjacent to Travel Lane),1,No,1,No Improper Action,88,Not Applicable,5,Travel Lane-Other Location,0,None,88,Not Applicable,1,Not Distracted,,,,New Haven,UnitedStates,99,Unknown,,,,,3,EMS Ground,AMER MED RESPONSE,YALE-NH HOSP
922221,2,5,33,2,Female,,,2,Passenger,O,No Apparent Injury (O),,,,,,,,,,,,,,,1,Not Ejected,99,Unknown,88,Not Applicable,1,Not Deployed,,,,,,,,,,,,,,,,,,,,,,,,,,,,,,,,,,,23,"Second Row, Right Seat",,,UnitedStates,,,,,,,1,Not Transported,,
922221,2,6,,2,Female,,,2,Passenger,O,No Apparent Injury (O),,,,,,,,,,,,,,,1,Not Ejected,99,Unknown,88,Not Applicable,1,Not Deployed,,,,,,,,,,,,,,,,,,,,,,,,,,,,,,,,,,,21,"Second Row, Left Seat",,,UnitedStates,,,,,,,1,Not Transported,,
922221,2,3,40,1,Male,,,2,Passenger,O,No Apparent Injury (O),,,,,,,,,,,,,,,1,Not Ejected,99,Unknown,88,Not Applicable,1,Not Deployed,,,,,,,,,,,,,,,,,,,,,,,,,,,,,,,,,,,13,"First Row, Right Seat",,,UnitedStates,,,,,,,1,Not Transported,,
922221,2,4,36,2,Female,,,2,Passenger,O,No Apparent Injury (O),,,,,,,,,,,,,,,1,Not Ejected,99,Unknown,99,Unknown,1,Not Deployed,,,,,,,,,,,,,,,,,,,,,,,,,,,,,,,,,,,22,"Second Row, Middle Seat",,,UnitedStates,,,,,,,1,Not Transported,,
922235,,3,,1,Male,,,9,Witness,,,,,,,,,,,,,,,,,,,,,,,,,,,,,,,,,,,,,,,,,,,,,,,,,,,,,,,,,,,,,,,UnitedStates,,,,,,,,,,
922239,,3,,1,Male,CT,,9,Witness,,,,,,,,,,,,,,,,,,,,,,,,,,,,,,,,,,,,,,,,,,,,,,,,,,,,,,,,,,,,,,New Haven,UnitedStates,,,,,,,,,,
922242,1,2,27,1,Male,CT,6515,2,Passenger,O,No Apparent Injury (O),,,,,,,,,,,,,,,1,Not Ejected,2,Shoulder Belt Only Used,88,Not Applicable,4,Deployed-Curtain,,,,,,,,,,,,,,,,,,,,,,,,,,,,,,,,,,,13,"First Row, Right Seat",,New Haven,UnitedStates,,,CT,,,,1,Not Transported,,
922246,1,2,16,2,Female,CT,,2,Passenger,O,No Apparent Injury (O),,,,,,,,,,,,,,,1,Not Ejected,99,Unknown,88,Not Applicable,1,Not Deployed,,,,,,,,,,,,,,,,,,,,,,,,,,,,,,,,,,,13,"First Row, Right Seat",,New Haven,UnitedStates,,,,,,,1,Not Transported,,
922246,2,4,44,2,Female,CT,,2,Passenger,C,Possible Injury (C),,,,,,,,,,,,,,,1,Not Ejected,99,Unknown,88,Not Applicable,1,Not Deployed,,,,,,,,,,,,,,,,,,,,,,,,,,,,,,,,,,,23,"Second Row, Right Seat",,New Haven,UnitedStates,,,CT,,,,3,EMS Ground,AMER MED RESPONSE,YALE-NH HOSP
922795,,2,48,2,Female,CT,,3,Pedestrian,C,Possible Injury (C),3,"Emotional (depressed, angry, disturbed, etc.)",3,"Emotional (depressed, angry, disturbed, etc.)",0,None taken,1,Test Not Given,88,Not Applicable,1,Test Not Given,88,Not Applicable,,,,,,,,,,,,,,,,,,,,,FILLMORE ST,S,FALSE,1,,FALSE,1,Crossing Roadway,1,No,97,Other,88,Not Applicable,1,Intersection-Marked Crosswalk,0,None,88,Not Applicable,1,Not Distracted,,,,New Haven,UnitedStates,1,Not Licensed,,,,,3,EMS Ground,AMER MED RESPONSE,YALE-NH HOSP
922795,,3,9,1,Male,CT,,3,Pedestrian,C,Possible Injury (C),3,"Emotional (depressed, angry, disturbed, etc.)",3,"Emotional (depressed, angry, disturbed, etc.)",0,None taken,1,Test Not Given,88,Not Applicable,1,Test Not Given,88,Not Applicable,,,,,,,,,,,,,,,,,,,,,FILLMORE ST,S,FALSE,1,,FALSE,1,Crossing Roadway,1,No,97,Other,88,Not Applicable,1,Intersection-Marked Crosswalk,0,None,88,Not Applicable,1,Not Distracted,,,,New Haven,UnitedStates,,,,,,,3,EMS Ground,AMER MED RESPONSE,YALE-NH HOSP
922799,2,3,11,2,Female,CT,6519,2,Passenger,O,No Apparent Injury (O),,,,,,,,,,,,,,,1,Not Ejected,99,Unknown,88,Not Applicable,1,Not Deployed,,,,,,,,,,,,,,,,,,,,,,,,,,,,,,,,,,,13,"First Row, Right Seat",,New Haven,UnitedStates,,,,,,,1,Not Transported,,
922807,2,3,13,1,Male,CT,,2,Passenger,C,Possible Injury (C),,,,,,,,,,,,,,,1,Not Ejected,1,Shoulder and Lap Belt Used,88,Not Applicable,1,Not Deployed,,,,,,,,,,,,,,,,,,,,,,,,,,,,,,,,,,,13,"First Row, Right Seat",,New Haven,UnitedStates,,,,,,,1,Not Transported,,
923061,1,4,39,1,Male,CT,6519,2,Passenger,C,Possible Injury (C),,,,,,,,,,,,,,,1,Not Ejected,4,"Restraint Used, Type Unknown",88,Not Applicable,1,Not Deployed,,,,,,,,,,,,,,,,,,,,,,,,,,,,,,,,,,,,,2A,New Haven,UnitedStates,,,CT,,,,1,Not Transported,,
923061,1,5,51,1,Male,CT,6511,2,Passenger,C,Possible Injury (C),,,,,,,,,,,,,,,1,Not Ejected,4,"Restraint Used, Type Unknown",88,Not Applicable,1,Not Deployed,,,,,,,,,,,,,,,,,,,,,,,,,,,,,,,,,,,,,2C,New Haven,UnitedStates,,,CT,,,,1,Not Transported,,
923061,1,6,36,1,Male,CT,6511,2,Passenger,C,Possible Injury (C),,,,,,,,,,,,,,,1,Not Ejected,4,"Restraint Used, Type Unknown",88,Not Applicable,1,Not Deployed,,,,,,,,,,,,,,,,,,,,,,,,,,,,,,,,,,,,,2A,New Haven,UnitedStates,,,CT,,,,1,Not Transported,,
923061,2,3,19,1,Male,CT,6511,2,Passenger,O,No Apparent Injury (O),,,,,,,,,,,,,,,1,Not Ejected,4,"Restraint Used, Type Unknown",88,Not Applicable,1,Not Deployed,,,,,,,,,,,,,,,,,,,,,,,,,,,,,,,,,,,13,"First Row, Right Seat",,New Haven,UnitedStates,,,,,,,1,Not Transported,,
923255,,2,79,1,Male,,,5,Bicyclist,K,Fatal Injury (K),99,Unknown,,,0,None taken,1,Test Not Given,88,Not Applicable,1,Test Not Given,88,Not Applicable,,,,,,,,,,,,,,,,,,,,,College St,S,,,2,,3,Walking/Cycling along Roadway Along Traffic (In or Adjacent to Travel Lane),1,No,1,No Improper Action,,,6,Bicycle Lane,0,None,,,99,Unknown if Distracted,,,,,,88,Not applicable,,,,,3,EMS Ground,AMR,Yale NH
923401,2,3,11,1,Male,CT,,2,Passenger,C,Possible Injury (C),,,,,,,,,,,,,,,1,Not Ejected,1,Shoulder and Lap Belt Used,88,Not Applicable,1,Not Deployed,,,,,,,,,,,,,,,,,,,,,,,,,,,,,,,,,,,11,"First Row, Left Seat",,New Haven,UnitedStates,,,,,,,1,Not Transported,,
923406,,3,54,2,Female,CT,6511,9,Witness,,,,,,,,,,,,,,,,,,,,,,,,,,,,,,,,,,,,,,,,,,,,,,,,,,,,,,,,,,,,,,New Haven,UnitedStates,,,,,,,,,,
924121,2,3,21,2,Female,CT,6513,2,Passenger,C,Possible Injury (C),,,,,,,,,,,,,,,1,Not Ejected,99,Unknown,88,Not Applicable,2,Deployed-Front,,,,,,,,,,,,,,,,,,,,,,,,,,,,,,,,,,,11,"First Row, Left Seat",,New Haven,UnitedStates,,,,,,,3,EMS Ground,AMER MED RESPONSE,YALE-NH HOSP
924121,2,4,1,2,Female,CT,6513,2,Passenger,C,Possible Injury (C),,,,,,,,,,,,,,,1,Not Ejected,1,Shoulder and Lap Belt Used,88,Not Applicable,1,Not Deployed,,,,,,,,,,,,,,,,,,,,,,,,,,,,,,,,,,,11,"First Row, Left Seat",,New Haven,UnitedStates,,,,,,,3,EMS Ground,AMER MED RESPONSE,YALE-NH HOSP
924129,1,2,21,1,Male,CT,6516,2,Passenger,K,Fatal Injury (K),,,,,,,,,,,,,,,1,Not Ejected,99,Unknown,88,Not Applicable,1,Not Deployed,,,,,,,,,,,,,,,,,,,,,,,,,,,,,,,,,,,13,"First Row, Right Seat",,West Haven,UnitedStates,,,,,,,1,Not Transported,,
924129,,3,57,1,Male,CT,6514,9,Witness,,,,,,,,,,,,,,,,,,,,,,,,,,,,,,,,,,,,,,,,,,,,,,,,,,,,,,,,,,,,,,Hamden,UnitedStates,,,,,,,,,,
924132,,3,61,2,Female,CT,,9,Witness,,,,,,,,,,,,,,,,,,,,,,,,,,,,,,,,,,,,,,,,,,,,,,,,,,,,,,,,,,,,,,New Haven,UnitedStates,,,,,,,,,,
924132,,2,31,2,Female,CT,,5,Bicyclist,B,Suspected Minor Injury (B),1,Apparently Normal,1,Apparently Normal,0,None taken,1,Test Not Given,88,Not Applicable,1,Test Not Given,88,Not Applicable,,,,,,,,,,,,,,,,,,,,,CHAPEL ST,E,FALSE,1,2,FALSE,5,Walking/Cycling on Sidewalk,99,Unknown,4,"Failure to Obey Traffic Signs, Signals, or Officer",12,Wrong-Way Riding or Walking,1,Intersection-Marked Crosswalk,0,None,88,Not Applicable,99,Unknown if Distracted,,,,New Haven,UnitedStates,,,,,,,3,EMS Ground,AMER MED RESPONSE,YALE-NH HOSP
924138,1,5,15,2,Female,CT,,2,Passenger,O,No Apparent Injury (O),,,,,,,,,,,,,,,1,Not Ejected,1,Shoulder and Lap Belt Used,88,Not Applicable,1,Not Deployed,,,,,,,,,,,,,,,,,,,,,,,,,,,,,,,,,,,32,"Third Row, Middle Seat",,Seymour,UnitedStates,,,,,,,1,Not Transported,,
924138,1,2,13,2,Female,CT,6712,2,Passenger,O,No Apparent Injury (O),,,,,,,,,,,,,,,1,Not Ejected,1,Shoulder and Lap Belt Used,88,Not Applicable,1,Not Deployed,,,,,,,,,,,,,,,,,,,,,,,,,,,,,,,,,,,21,"Second Row, Left Seat",,Prospect,UnitedStates,,,,,,,1,Not Transported,,
924138,2,8,32,2,Female,NJ,7302,2,Passenger,C,Possible Injury (C),,,,,,,,,,,,,,,1,Not Ejected,1,Shoulder and Lap Belt Used,88,Not Applicable,1,Not Deployed,,,,,,,,,,,,,,,,,,,,,,,,,,,,,,,,,,,23,"Second Row, Right Seat",,Jersey City,UnitedStates,,,,,,,1,Not Transported,,
924138,1,6,14,2,Female,CT,6712,2,Passenger,O,No Apparent Injury (O),,,,,,,,,,,,,,,1,Not Ejected,1,Shoulder and Lap Belt Used,88,Not Applicable,1,Not Deployed,,,,,,,,,,,,,,,,,,,,,,,,,,,,,,,,,,,33,"Third Row, Right Seat",,Prospect,UnitedStates,,,,,,,1,Not Transported,,
924138,1,3,12,2,Female,CT,6712,2,Passenger,O,No Apparent Injury (O),,,,,,,,,,,,,,,1,Not Ejected,1,Shoulder and Lap Belt Used,88,Not Applicable,1,Not Deployed,,,,,,,,,,,,,,,,,,,,,,,,,,,,,,,,,,,23,"Second Row, Right Seat",,Prospect,UnitedStates,,,,,,,1,Not Transported,,
924138,1,4,14,2,Female,CT,6712,2,Passenger,O,No Apparent Injury (O),,,,,,,,,,,,,,,1,Not Ejected,1,Shoulder and Lap Belt Used,88,Not Applicable,1,Not Deployed,,,,,,,,,,,,,,,,,,,,,,,,,,,,,,,,,,,31,"Third Row, Left Seat",,Prospect,UnitedStates,,,,,,,1,Not Transported,,
924144,2,3,15,1,Male,CT,6513,2,Passenger,C,Possible Injury (C),,,,,,,,,,,,,,,1,Not Ejected,99,Unknown,88,Not Applicable,1,Not Deployed,,,,,,,,,,,,,,,,,,,,,,,,,,,,,,,,,,,13,"First Row, Right Seat",,New Haven,UnitedStates,,,,,,,1,Not Transported,,
924146,2,3,37,1,Male,CT,6461,2,Passenger,C,Possible Injury (C),,,,,,,,,,,,,,,1,Not Ejected,1,Shoulder and Lap Belt Used,88,Not Applicable,1,Not Deployed,,,,,,,,,,,,,,,,,,,,,,,,,,,,,,,,,,,13,"First Row, Right Seat",,Milford,UnitedStates,,,CT,,,,1,Not Transported,,