CrashId,VehicleId,PersonId,Age,Gender,Gender Text Format,State,Postal Code,Person Type,Person Type Text Format,Injury Status,Injury Status Text Format,Condition at Time of Crash,Condition at Time of Crash Text Format,Condition at Time of Crash2,Condition at Time of Crash2 Text Format,Action Taken by Officer,Action Taken by Officer Text Format,Alcohol Test Status,Alcohol Test Status Text Format,Type Of Alcohol Test,Type Of Alcohol Test Text Format,Drug Test Status,Drug Test Status Text Format,Type Of Drig Test,Type Of Drig Test Text Format,Ejection Status,Ejection Status Text Format,Restraint System,Restraint System Text Format,Helmet Use,Helmet Use Text Format,Air Bag Status,Air Bag Status Text Format,Speeding Related,Speeding Related Text Format,Driver Actions 1,Driver Actions 1 Text Format,Driver Actions 2,Driver Actions 2 Text Format,Driver Actions 3,Driver Actions 3 Text Format,Driver Actions 4,Driver Actions 4 Text Format,Driver Distracted By,Driver Distracted By Text Format,Roadway On Which Nonmotorist Was Traveling/Located,Direction nonmotorist was traveling,Direction Unknown,Striking Motor Vehicle ID,Bicycle ID,Non-Motorist Not In Roadway,Actions or Circumstances Prior to Crash,Actions or Circumstances Prior to Crash Text Format,To or From School,To or From School Text Format,Actions or Circumstances At Time Of Crash,Actions or Circumstances At Time Of Crash Text Format,Actions or Circumstances At Time Of Crash2,Actions or Circumstances At Time Of Crash2 Text Format,Location At Time Of Crash,Location At Time Of Crash Text Format,Safety Equipment,Safety Equipment Text Format,Safety Equipment2,Safety Equipment2 Text Format,Non-motorist Distracted By,Non-motorist Distracted By Text Format,Seating Position,Seating Position Text Format,Seating Position for Bus,City,Country,Driver License Jurisdiction,Driver License Jurisdiction Text Format,Drivers License Issued By,Drivers License Class,Commercial License Class,Commercial License Class Text Format,Transported to First Medical Facility By,Transported to First Medical Facility By Text Format,Name of the EMS agency,Name of the Intended Receiving Facility
970227,,3,,99,Unknown,,,9,Witness,,,,,,,,,,,,,,,,,,,,,,,,,,,,,,,,,,,,,,,,,,,,,,,,,,,,,,,,,,,,,,,UnitedStates,,,,,,,,,,
970232,1,2,61,1,Male,FL,33156,2,Passenger,B,Suspected Minor Injury (B),,,,,,,,,,,,,,,1,Not Ejected,99,Unknown,88,Not Applicable,6,Deployed-Combination,,,,,,,,,,,,,,,,,,,,,,,,,,,,,,,,,,,13,"First Row, Right Seat",,Pinecrest,UnitedStates,,,,,,,3,EMS Ground,AMER MED RESPONSE,YALE-NH HOSP
970232,,6,26,1,Male,CT,,9,Witness,,,,,,,,,,,,,,,,,,,,,,,,,,,,,,,,,,,,,,,,,,,,,,,,,,,,,,,,,,,,,,West Haven,UnitedStates,,,,,,,,,,
970232,1,3,61,2,Female,FL,33156,2,Passenger,B,Suspected Minor Injury (B),,,,,,,,,,,,,,,1,Not Ejected,99,Unknown,88,Not Applicable,6,Deployed-Combination,,,,,,,,,,,,,,,,,,,,,,,,,,,,,,,,,,,23,"Second Row, Right Seat",,Pinecrest,UnitedStates,,,,,,,3,EMS Ground,AMER MED RESPONSE,YALE-NH HOSP
970232,1,4,0,2,Female,CT,,2,Passenger,C,Possible Injury (C),,,,,,,,,,,,,,,1,Not Ejected,6,"Child Restraint System, Rear Facing",88,Not Applicable,6,Deployed-Combination,,,,,,,,,,,,,,,,,,,,,,,,,,,,,,,,,,,32,"Third Row, Middle Seat",,New Haven,UnitedStates,,,,,,,3,EMS Ground,AMER MED RESPONSE,YALE-NH HOSP
970239,2,4,15,1,Male,CT,,2,Passenger,O,No Apparent Injury (O),,,,,,,,,,,,,,,1,Not Ejected,99,Unknown,88,Not Applicable,6,Deployed-Combination,,,,,,,,,,,,,,,,,,,,,,,,,,,,,,,,,,,32,"Third Row, Middle Seat",,New Haven,UnitedStates,,,,,,,1,Not Transported,,
970239,2,3,15,1,Male,CT,,2,Passenger,O,No Apparent Injury (O),,,,,,,,,,,,,,,1,Not Ejected,99,Unknown,88,Not Applicable,6,Deployed-Combination,,,,,,,,,,,,,,,,,,,,,,,,,,,,,,,,,,,23,"Second Row, Right Seat",,New Haven,UnitedStates,,,,,,,1,Not Transported,,
970240,1,2,10,2,Female,CT,,2,Passenger,C,Possible Injury (C),,,,,,,,,,,,,,,1,Not Ejected,1,Shoulder and Lap Belt Used,88,Not Applicable,1,Not Deployed,,,,,,,,,,,,,,,,,,,,,,,,,,,,,,,,,,,23,"Second Row, Right Seat",,New Haven,UnitedStates,,,,,,,3,EMS Ground,AMER MED RESPONSE,YALE-NH HOSP
970242,,3,56,99,Unknown,,,9,Witness,,,,,,,,,,,,,,,,,,,,,,,,,,,,,,,,,,,,,,,,,,,,,,,,,,,,,,,,,,,,,,,UnitedStates,,,,,,,,,,
970249,1,3,20,1,Male,CT,6477,2,Passenger,O,No Apparent Injury (O),,,,,,,,,,,,,,,1,Not Ejected,1,Shoulder and Lap Belt Used,88,Not Applicable,1,Not Deployed,,,,,,,,,,,,,,,,,,,,,,,,,,,,,,,,,,,13,"First Row, Right Seat",,Orange,UnitedStates,,,,,,,1,Not Transported,,
970263,,2,59,1,Male,CT,,3,Pedestrian,A,Suspected Serious Injury (A),2,Physically Impaired,2,Physically Impaired,0,None taken,1,Test Not Given,88,Not Applicable,1,Test Not Given,88,Not Applicable,,,,,,,,,,,,,,,,,,,,,WHALLEY AVE,E,FALSE,1,,FALSE,1,Crossing Roadway,1,No,5,"In Roadway Improperly (Standing, Lying, Working, Playing)",88,Not Applicable,5,Travel Lane-Other Location,0,None,88,Not Applicable,99,Unknown if Distracted,,,,New Haven,UnitedStates,,,,,,,3,EMS Ground,AMER MED RESPONSE,YALE-NH HOSP
970263,,3,39,1,Male,CT,,9,Witness,,,,,,,,,,,,,,,,,,,,,,,,,,,,,,,,,,,,,,,,,,,,,,,,,,,,,,,,,,,,,,New Haven,UnitedStates,,,,,,,,,,
970264,2,3,31,2,Female,CT,6512,2,Passenger,C,Possible Injury (C),,,,,,,,,,,,,,,1,Not Ejected,99,Unknown,88,Not Applicable,1,Not Deployed,,,,,,,,,,,,,,,,,,,,,,,,,,,,,,,,,,,13,"First Row, Right Seat",,New Haven,UnitedStates,,,,,,,3,EMS Ground,AMER MED RESPONSE,YALE-NH HOSP
970264,2,4,,1,Male,CT,6512,2,Passenger,C,Possible Injury (C),,,,,,,,,,,,,,,1,Not Ejected,99,Unknown,88,Not Applicable,1,Not Deployed,,,,,,,,,,,,,,,,,,,,,,,,,,,,,,,,,,,21,"Second Row, Left Seat",,New Haven,UnitedStates,,,,,,,3,EMS Ground,AMER MED RESPONSE,YALE-NH HOSP
970264,2,6,10,2,Female,CT,6512,2,Passenger,C,Possible Injury (C),,,,,,,,,,,,,,,1,Not Ejected,99,Unknown,88,Not Applicable,1,Not Deployed,,,,,,,,,,,,,,,,,,,,,,,,,,,,,,,,,,,23,"Second Row, Right Seat",,New Haven,UnitedStates,,,,,,,3,EMS Ground,AMER MED RESPONSE,YALE-NH HOSP
970264,2,5,2,2,Female,CT,6512,2,Passenger,O,No Apparent Injury (O),,,,,,,,,,,,,,,1,Not Ejected,6,"Child Restraint System, Rear Facing",88,Not Applicable,1,Not Deployed,,,,,,,,,,,,,,,,,,,,,,,,,,,,,,,,,,,22,"Second Row, Middle Seat",,New Haven,UnitedStates,,,,,,,1,Not Transported,,
970269,1,2,18,2,Female,CT,6512,2,Passenger,C,Possible Injury (C),,,,,,,,,,,,,,,1,Not Ejected,99,Unknown,88,Not Applicable,2,Deployed-Front,,,,,,,,,,,,,,,,,,,,,,,,,,,,,,,,,,,99,Unknown,,East Haven,UnitedStates,,,,,,,1,Not Transported,,
970269,1,4,18,2,Female,,,2,Passenger,C,Possible Injury (C),,,,,,,,,,,,,,,1,Not Ejected,99,Unknown,88,Not Applicable,2,Deployed-Front,,,,,,,,,,,,,,,,,,,,,,,,,,,,,,,,,,,99,Unknown,,,UnitedStates,,,,,,,1,Not Transported,,
970269,1,3,20,1,Male,CT,6512,2,Passenger,C,Possible Injury (C),,,,,,,,,,,,,,,1,Not Ejected,99,Unknown,88,Not Applicable,2,Deployed-Front,,,,,,,,,,,,,,,,,,,,,,,,,,,,,,,,,,,99,Unknown,,East Haven,UnitedStates,,,,,,,1,Not Transported,,
970273,,3,70,1,Male,CT,6511,9,Witness,,,,,,,,,,,,,,,,,,,,,,,,,,,,,,,,,,,,,,,,,,,,,,,,,,,,,,,,,,,,,,New Haven,UnitedStates,,,,,,,,,,
970274,2,5,10,2,Female,,,2,Passenger,C,Possible Injury (C),,,,,,,,,,,,,,,1,Not Ejected,99,Unknown,88,Not Applicable,1,Not Deployed,,,,,,,,,,,,,,,,,,,,,,,,,,,,,,,,,,,23,"Second Row, Right Seat",,,UnitedStates,,,,,,,3,EMS Ground,AMER MED RESPONSE,YALE-NH HOSP
970274,2,3,30,2,Female,,,2,Passenger,O,No Apparent Injury (O),,,,,,,,,,,,,,,1,Not Ejected,99,Unknown,88,Not Applicable,1,Not Deployed,,,,,,,,,,,,,,,,,,,,,,,,,,,,,,,,,,,13,"First Row, Right Seat",,,UnitedStates,,,,,,,1,Not Transported,,
970274,2,4,6,2,Female,,,2,Passenger,C,Possible Injury (C),,,,,,,,,,,,,,,1,Not Ejected,99,Unknown,88,Not Applicable,1,Not Deployed,,,,,,,,,,,,,,,,,,,,,,,,,,,,,,,,,,,21,"Second Row, Left Seat",,,UnitedStates,,,,,,,3,EMS Ground,AMER MED RESPONSE,YALE-NH HOSP
970279,1,2,40,2,Female,CT,6511,2,Passenger,C,Possible Injury (C),,,,,,,,,,,,,,,1,Not Ejected,99,Unknown,1,No Helmet,6,Deployed-Combination,,,,,,,,,,,,,,,,,,,,,,,,,,,,,,,,,,,13,"First Row, Right Seat",,New Haven,UnitedStates,,,CT,,,,3,EMS Ground,AMER MED RESPONSE,ST RAPHAELS-YNHH
970280,,2,35,2,Female,CT,,3,Pedestrian,B,Suspected Minor Injury (B),1,Apparently Normal,,,0,None taken,1,Test Not Given,88,Not Applicable,1,Test Not Given,88,Not Applicable,,,,,,,,,,,,,,,,,,,,,WOODWARD,,TRUE,1,,FALSE,97,Other,1,No,1,No Improper Action,88,Not Applicable,7,Shoulder/Roadside,0,None,88,Not Applicable,1,Not Distracted,,,,Westhaven,UnitedStates,,,,,,,3,EMS Ground,AMER MED RESPONSE,YALE-NH HOSP
970288,1,3,15,2,Female,CT,6511,2,Passenger,O,No Apparent Injury (O),,,,,,,,,,,,,,,1,Not Ejected,99,Unknown,1,No Helmet,1,Not Deployed,,,,,,,,,,,,,,,,,,,,,,,,,,,,,,,,,,,23,"Second Row, Right Seat",,New Haven,UnitedStates,,,,,,,1,Not Transported,,
970288,1,2,12,1,Male,CT,6511,2,Passenger,O,No Apparent Injury (O),,,,,,,,,,,,,,,1,Not Ejected,99,Unknown,1,No Helmet,1,Not Deployed,,,,,,,,,,,,,,,,,,,,,,,,,,,,,,,,,,,21,"Second Row, Left Seat",,New Haven,UnitedStates,,,,,,,1,Not Transported,,
970288,,4,85,1,Male,CT,,3,Pedestrian,B,Suspected Minor Injury (B),1,Apparently Normal,,,0,None taken,1,Test Not Given,88,Not Applicable,1,Test Not Given,88,Not Applicable,,,,,,,,,,,,,,,,,,,,,WATER ST,,FALSE,1,,FALSE,1,Crossing Roadway,1,No,4,"Failure to Obey Traffic Signs, Signals, or Officer",88,Not Applicable,1,Intersection-Marked Crosswalk,0,None,88,Not Applicable,99,Unknown if Distracted,,,,Bridgeport,UnitedStates,2,State,CT,,,,3,EMS Ground,AMER MED RESPONSE,YALE-NH HOSP
970289,2,7,9,2,Female,CT,,2,Passenger,O,No Apparent Injury (O),,,,,,,,,,,,,,,1,Not Ejected,99,Unknown,88,Not Applicable,1,Not Deployed,,,,,,,,,,,,,,,,,,,,,,,,,,,,,,,,,,,22,"Second Row, Middle Seat",,New Haven,UnitedStates,,,,,,,1,Not Transported,,
970289,2,5,3,2,Female,CT,,2,Passenger,O,No Apparent Injury (O),,,,,,,,,,,,,,,1,Not Ejected,5,"Child Restraint System, Forward Facing",88,Not Applicable,1,Not Deployed,,,,,,,,,,,,,,,,,,,,,,,,,,,,,,,,,,,21,"Second Row, Left Seat",,New Haven,UnitedStates,,,,,,,1,Not Transported,,
970289,1,2,16,2,Female,CT,,2,Passenger,C,Possible Injury (C),,,,,,,,,,,,,,,1,Not Ejected,99,Unknown,88,Not Applicable,1,Not Deployed,,,,,,,,,,,,,,,,,,,,,,,,,,,,,,,,,,,13,"First Row, Right Seat",,New Haven,UnitedStates,,,,,,,1,Not Transported,,
970289,2,6,1,2,Female,CT,,2,Passenger,O,No Apparent Injury (O),,,,,,,,,,,,,,,1,Not Ejected,5,"Child Restraint System, Forward Facing",88,Not Applicable,1,Not Deployed,,,,,,,,,,,,,,,,,,,,,,,,,,,,,,,,,,,23,"Second Row, Right Seat",,New Haven,UnitedStates,,,,,,,1,Not Transported,,
970289,2,4,33,2,Female,CT,,2,Passenger,O,No Apparent Injury (O),,,,,,,,,,,,,,,1,Not Ejected,99,Unknown,88,Not Applicable,1,Not Deployed,,,,,,,,,,,,,,,,,,,,,,,,,,,,,,,,,,,13,"First Row, Right Seat",,New Haven,UnitedStates,,,,,,,1,Not Transported,,
970461,2,4,1,2,Female,CT,6512,2,Passenger,O,No Apparent Injury (O),,,,,,,,,,,,,,,1,Not Ejected,5,"Child Restraint System, Forward Facing",88,Not Applicable,1,Not Deployed,,,,,,,,,,,,,,,,,,,,,,,,,,,,,,,,,,,23,"Second Row, Right Seat",,East Haven,UnitedStates,,,,,,,1,Not Transported,,
970461,2,3,2,1,Male,CT,6512,2,Passenger,O,No Apparent Injury (O),,,,,,,,,,,,,,,1,Not Ejected,5,"Child Restraint System, Forward Facing",88,Not Applicable,1,Not Deployed,,,,,,,,,,,,,,,,,,,,,,,,,,,,,,,,,,,22,"Second Row, Middle Seat",,East Haven,UnitedStates,,,,,,,1,Not Transported,,
970466,,3,39,2,Female,,,9,Witness,,,,,,,,,,,,,,,,,,,,,,,,,,,,,,,,,,,,,,,,,,,,,,,,,,,,,,,,,,,,,,,UnitedStates,,,,,,,,,,
970468,1,2,22,2,Female,CT,6604,2,Passenger,O,No Apparent Injury (O),,,,,,,,,,,,,,,1,Not Ejected,99,Unknown,88,Not Applicable,1,Not Deployed,,,,,,,,,,,,,,,,,,,,,,,,,,,,,,,,,,,13,"First Row, Right Seat",,Bridgeport,UnitedStates,,,CT,,,,1,Not Transported,,
970468,1,4,5,2,Female,CT,6513,2,Passenger,C,Possible Injury (C),,,,,,,,,,,,,,,1,Not Ejected,1,Shoulder and Lap Belt Used,88,Not Applicable,1,Not Deployed,,,,,,,,,,,,,,,,,,,,,,,,,,,,,,,,,,,21,"Second Row, Left Seat",,New Haven,UnitedStates,,,,,,,3,EMS Ground,AMER MED RESPONSE,YALE-NH HOSP
970468,1,3,30,2,Female,CT,6513,2,Passenger,O,No Apparent Injury (O),,,,,,,,,,,,,,,1,Not Ejected,1,Shoulder and Lap Belt Used,88,Not Applicable,1,Not Deployed,,,,,,,,,,,,,,,,,,,,,,,,,,,,,,,,,,,23,"Second Row, Right Seat",,New Haven,UnitedStates,,,CT,,,,1,Not Transported,,
970839,2,3,51,1,Male,CT,651,2,Passenger,C,Possible Injury (C),,,,,,,,,,,,,,,1,Not Ejected,99,Unknown,88,Not Applicable,3,Deployed-Side,,,,,,,,,,,,,,,,,,,,,,,,,,,,,,,,,,,33,"Third Row, Right Seat",,New Haven,UnitedStates,,,,,,,3,EMS Ground,AMER MED RESPONSE,YALE-NH HOSP
970845,,2,42,2,Female,CT,6511,3,Pedestrian,C,Possible Injury (C),6,Under the Influence of Medications/Drugs/Alcohol,,,0,None taken,1,Test Not Given,88,Not Applicable,1,Test Not Given,88,Not Applicable,,,,,,,,,,,,,,,,,,,,,PARKING LOT 75 WHALEY AVE,,TRUE,1,,FALSE,99,Unknown,1,No,99,Unknown,88,Not Applicable,99,Unknown,88,Not Applicable,99,Unknown,99,Unknown if Distracted,,,,New Haven,UnitedStates,,,,,,,1,Not Transported,,
970848,2,3,23,2,Female,CT,,2,Passenger,C,Possible Injury (C),,,,,,,,,,,,,,,1,Not Ejected,1,Shoulder and Lap Belt Used,88,Not Applicable,1,Not Deployed,,,,,,,,,,,,,,,,,,,,,,,,,,,,,,,,,,,22,"Second Row, Middle Seat",,New Haven,UnitedStates,,,,,,,3,EMS Ground,AMER MED RESPONSE,ST RAPHAELS-YNHH
970851,,1,32,1,Male,MA,1035,3,Pedestrian,B,Suspected Minor Injury (B),99,Unknown,99,Unknown,1,Verbal Warning,1,Test Not Given,88,Not Applicable,1,Test Not Given,88,Not Applicable,,,,,,,,,,,,,,,,,,,,,LONG WHARF DR,E,FALSE,1,,FALSE,2,Waiting to Cross Roadway,1,No,99,Unknown,88,Not Applicable,5,Travel Lane-Other Location,99,Unknown,88,Not Applicable,99,Unknown if Distracted,,,,Hadley,UnitedStates,,,MA,,,,1,Not Transported,,
970851,,3,,99,Unknown,,,9,Witness,,,,,,,,,,,,,,,,,,,,,,,,,,,,,,,,,,,,,,,,,,,,,,,,,,,,,,,,,,,,,,,UnitedStates,,,,,,,,,,
970852,,2,69,1,Male,CT,6511,5,Bicyclist,B,Suspected Minor Injury (B),1,Apparently Normal,,,1,Verbal Warning,1,Test Not Given,88,Not Applicable,1,Test Not Given,88,Not Applicable,,,,,,,,,,,,,,,,,,,,,DAVENPORT AVE,W,FALSE,2,2,FALSE,3,Walking/Cycling along Roadway Along Traffic (In or Adjacent to Travel Lane),1,No,97,Other,88,Not Applicable,11,Shared-Use Path or Trail,0,None,88,Not Applicable,99,Unknown if Distracted,,,,New Haven,UnitedStates,88,Not applicable,,,,,3,EMS Ground,AMER MED RESPONSE,YALE-NH HOSP
971317,,4,42,1,Male,CT,,9,Witness,,,,,,,,,,,,,,,,,,,,,,,,,,,,,,,,,,,,,,,,,,,,,,,,,,,,,,,,,,,,,,New Haven,UnitedStates,,,,,,,,,,
971317,1,2,24,1,Male,CT,6511,2,Passenger,B,Suspected Minor Injury (B),,,,,,,,,,,,,,,1,Not Ejected,99,Unknown,88,Not Applicable,1,Not Deployed,,,,,,,,,,,,,,,,,,,,,,,,,,,,,,,,,,,13,"First Row, Right Seat",,New Haven,UnitedStates,,,CT,,,,3,EMS Ground,AMER MED RESPONSE,YALE-NH HOSP
971317,,3,26,1,Male,CT,,5,Bicyclist,B,Suspected Minor Injury (B),1,Apparently Normal,,,1,Verbal Warning,1,Test Not Given,88,Not Applicable,1,Test Not Given,88,Not Applicable,,,,,,,,,,,,,,,,,,,,,WHALLEY AVE,E,FALSE,1,2,FALSE,1,Crossing Roadway,99,Unknown,4,"Failure to Obey Traffic Signs, Signals, or Officer",88,Not Applicable,2,Intersection-Unmarked Crosswalk,0,None,88,Not Applicable,99,Unknown if Distracted,,,,East Haven,UnitedStates,,,CT,,,,3,EMS Ground,AMER MED RESPONSE,YALE-NH HOSP
971317,,5,62,1,Male,CT,6516,9,Witness,,,,,,,,,,,,,,,,,,,,,,,,,,,,,,,,,,,,,,,,,,,,,,,,,,,,,,,,,,,,,,West Haven,UnitedStates,,,,,,,,,,
971319,2,3,59,2,Female,CT,6516,2,Passenger,C,Possible Injury (C),,,,,,,,,,,,,,,1,Not Ejected,99,Unknown,88,Not Applicable,1,Not Deployed,,,,,,,,,,,,,,,,,,,,,,,,,,,,,,,,,,,13,"First Row, Right Seat",,West Haven,UnitedStates,,,CT,,,,3,EMS Ground,AMER MED RESPONSE,
971325,,3,34,2,Female,CT,6473,9,Witness,,,,,,,,,,,,,,,,,,,,,,,,,,,,,,,,,,,,,,,,,,,,,,,,,,,,,,,,,,,,,,North Haven,UnitedStates,,,,,,,,,,
971330,1,3,,99,Unknown,,,2,Passenger,O,No Apparent Injury (O),,,,,,,,,,,,,,,1,Not Ejected,99,Unknown,88,Not Applicable,88,Not applicable,,,,,,,,,,,,,,,,,,,,,,,,,,,,,,,,,,,11,"First Row, Left Seat",,,UnitedStates,,,,,,,1,Not Transported,,
971334,2,3,30,1,Male,CT,6482,2,Passenger,O,No Apparent Injury (O),,,,,,,,,,,,,,,1,Not Ejected,99,Unknown,88,Not Applicable,1,Not Deployed,,,,,,,,,,,,,,,,,,,,,,,,,,,,,,,,,,,13,"First Row, Right Seat",,Sandy Hook,UnitedStates,,,,,,,1,Not Transported,,
971342,1,2,19,2,Female,CT,6511,2,Passenger,C,Possible Injury (C),,,,,,,,,,,,,,,1,Not Ejected,99,Unknown,88,Not Applicable,1,Not Deployed,,,,,,,,,,,,,,,,,,,,,,,,,,,,,,,,,,,13,"First Row, Right Seat",,New Haven,UnitedStates,,,,,,,1,Not Transported,,
971342,1,3,17,1,Male,CT,6511,2,Passenger,C,Possible Injury (C),,,,,,,,,,,,,,,1,Not Ejected,99,Unknown,88,Not Applicable,88,Not applicable,,,,,,,,,,,,,,,,,,,,,,,,,,,,,,,,,,,21,"Second Row, Left Seat",,New Haven,UnitedStates,,,,,,,1,Not Transported,,
971342,1,4,56,2,Female,CT,,2,Passenger,O,No Apparent Injury (O),,,,,,,,,,,,,,,1,Not Ejected,99,Unknown,88,Not Applicable,88,Not applicable,,,,,,,,,,,,,,,,,,,,,,,,,,,,,,,,,,,22,"Second Row, Middle Seat",,West Haven,UnitedStates,,,,,,,1,Not Transported,,
971342,1,5,22,2,Female,CT,,2,Passenger,O,No Apparent Injury (O),,,,,,,,,,,,,,,1,Not Ejected,99,Unknown,88,Not Applicable,88,Not applicable,,,,,,,,,,,,,,,,,,,,,,,,,,,,,,,,,,,23,"Second Row, Right Seat",,New Haven,UnitedStates,,,,,,,1,Not Transported,,
971346,,1,60,1,Male,CT,6511,3,Pedestrian,B,Suspected Minor Injury (B),99,Unknown,99,Unknown,0,None taken,1,Test Not Given,88,Not Applicable,1,Test Not Given,88,Not Applicable,,,,,,,,,,,,,,,,,,,,,WHITNEY AVE,,TRUE,1,1,FALSE,1,Crossing Roadway,1,No,9,"Not Visible (Dark Clothing, No Lighting, etc.)",88,Not Applicable,5,Travel Lane-Other Location,0,None,88,Not Applicable,99,Unknown if Distracted,,,,New Haven,UnitedStates,,,,,,,2,EMS Air,AMER MED RESPONSE,YALE-NH HOSP
971346,,3,49,2,Female,CT,6405,9,Witness,,,,,,,,,,,,,,,,,,,,,,,,,,,,,,,,,,,,,,,,,,,,,,,,,,,,,,,,,,,,,,Branford,UnitedStates,,,,,,,,,,
971992,3,5,18,2,Female,CT,,2,Passenger,C,Possible Injury (C),,,,,,,,,,,,,,,1,Not Ejected,1,Shoulder and Lap Belt Used,88,Not Applicable,1,Not Deployed,,,,,,,,,,,,,,,,,,,,,,,,,,,,,,,,,,,13,"First Row, Right Seat",,New Haven,UnitedStates,,,,,,,3,EMS Ground,AMER MED RESPONSE,ST RAPHAELS-YNHH
971992,2,3,36,2,Female,CT,,2,Passenger,O,No Apparent Injury (O),,,,,,,,,,,,,,,1,Not Ejected,1,Shoulder and Lap Belt Used,88,Not Applicable,1,Not Deployed,,,,,,,,,,,,,,,,,,,,,,,,,,,,,,,,,,,13,"First Row, Right Seat",,North Branford,UnitedStates,,,,,,,1,Not Transported,,
971996,,3,34,2,Female,,,9,Witness,,,,,,,,,,,,,,,,,,,,,,,,,,,,,,,,,,,,,,,,,,,,,,,,,,,,,,,,,,,,,,,UnitedStates,,,,,,,,,,
972402,1,3,59,1,Male,CT,,2,Passenger,C,Possible Injury (C),,,,,,,,,,,,,,,1,Not Ejected,1,Shoulder and Lap Belt Used,88,Not Applicable,1,Not Deployed,,,,,,,,,,,,,,,,,,,,,,,,,,,,,,,,,,,13,"First Row, Right Seat",,New Haven,UnitedStates,,,,,,,3,EMS Ground,AMER MED RESPONSE,YALE-NH HOSP
972404,,2,58,1,Male,CT,6511,5,Bicyclist,C,Possible Injury (C),1,Apparently Normal,1,Apparently Normal,0,None taken,1,Test Not Given,88,Not Applicable,1,Test Not Given,88,Not Applicable,,,,,,,,,,,,,,,,,,,,,LOCKE ST,W,FALSE,1,2,FALSE,1,Crossing Roadway,1,No,3,Failure to Yield Right-Of-Way,88,Not Applicable,2,Intersection-Unmarked Crosswalk,0,None,88,Not Applicable,1,Not Distracted,,,,New Haven,UnitedStates,,,,,,,3,EMS Ground,AMER MED RESPONSE,YALE-NH HOSP
972410,1,3,49,2,Female,CT,6513,2,Passenger,O,No Apparent Injury (O),,,,,,,,,,,,,,,1,Not Ejected,99,Unknown,88,Not Applicable,1,Not Deployed,,,,,,,,,,,,,,,,,,,,,,,,,,,,,,,,,,,13,"First Row, Right Seat",,New Haven,UnitedStates,,,CT,,,,1,Not Transported,,
972410,,2,47,2,Female,CT,,3,Pedestrian,C,Possible Injury (C),1,Apparently Normal,,,1,Verbal Warning,1,Test Not Given,88,Not Applicable,1,Test Not Given,88,Not Applicable,,,,,,,,,,,,,,,,,,,,,CHAPEL ST,W,FALSE,1,,FALSE,1,Crossing Roadway,1,No,5,"In Roadway Improperly (Standing, Lying, Working, Playing)",88,Not Applicable,5,Travel Lane-Other Location,99,Unknown,88,Not Applicable,99,Unknown if Distracted,,,,New Haven,UnitedStates,,,,,,,3,EMS Ground,AMER MED RESPONSE,YALE-NH HOSP
972762,2,4,15,1,Male,,,2,Passenger,C,Possible Injury (C),,,,,,,,,,,,,,,1,Not Ejected,1,Shoulder and Lap Belt Used,88,Not Applicable,1,Not Deployed,,,,,,,,,,,,,,,,,,,,,,,,,,,,,,,,,,,13,"First Row, Right Seat",,,UnitedStates,,,,,,,3,EMS Ground,AMER MED RESPONSE,YALE-NH HOSP
972764,2,4,39,1,Male,,,2,Passenger,C,Possible Injury (C),,,,,,,,,,,,,,,1,Not Ejected,99,Unknown,88,Not Applicable,1,Not Deployed,,,,,,,,,,,,,,,,,,,,,,,,,,,,,,,,,,,23,"Second Row, Right Seat",,,UnitedStates,,,,,,,1,Not Transported,,
972764,2,3,60,1,Male,CT,6365,2,Passenger,O,No Apparent Injury (O),,,,,,,,,,,,,,,1,Not Ejected,99,Unknown,88,Not Applicable,1,Not Deployed,,,,,,,,,,,,,,,,,,,,,,,,,,,,,,,,,,,13,"First Row, Right Seat",,Preston,UnitedStates,,,,,,,1,Not Transported,,
972776,1,2,78,1,Male,CT,,2,Passenger,C,Possible Injury (C),,,,,,,,,,,,,,,1,Not Ejected,4,"Restraint Used, Type Unknown",88,Not Applicable,1,Not Deployed,,,,,,,,,,,,,,,,,,,,,,,,,,,,,,,,,,,13,"First Row, Right Seat",,Seymour,UnitedStates,,,CT,,,,1,Not Transported,,
972778,1,2,38,1,Male,CT,6516,2,Passenger,O,No Apparent Injury (O),,,,,,,,,,,,,,,1,Not Ejected,1,Shoulder and Lap Belt Used,88,Not Applicable,1,Not Deployed,,,,,,,,,,,,,,,,,,,,,,,,,,,,,,,,,,,23,"Second Row, Right Seat",,West Haven,UnitedStates,,,,,,,1,Not Transported,,
973059,2,3,31,1,Male,CT,,2,Passenger,B,Suspected Minor Injury (B),,,,,,,,,,,,,,,1,Not Ejected,1,Shoulder and Lap Belt Used,88,Not Applicable,6,Deployed-Combination,,,,,,,,,,,,,,,,,,,,,,,,,,,,,,,,,,,13,"First Row, Right Seat",,New Haven,UnitedStates,,,,,,,3,EMS Ground,AMER MED RESPONSE,YALE-NH HOSP
973066,1,2,16,1,Male,,,2,Passenger,O,No Apparent Injury (O),,,,,,,,,,,,,,,1,Not Ejected,4,"Restraint Used, Type Unknown",88,Not Applicable,1,Not Deployed,,,,,,,,,,,,,,,,,,,,,,,,,,,,,,,,,,,23,"Second Row, Right Seat",,,UnitedStates,,,,,,,1,Not Transported,,
973066,,4,32,1,Male,CT,6010,9,Witness,,,,,,,,,,,,,,,,,,,,,,,,,,,,,,,,,,,,,,,,,,,,,,,,,,,,,,,,,,,,,,Bristol,UnitedStates,,,,,,,,,,
973071,,2,28,2,Female,CT,,3,Pedestrian,C,Possible Injury (C),2,Physically Impaired,2,Physically Impaired,1,Verbal Warning,1,Test Not Given,88,Not Applicable,1,Test Not Given,88,Not Applicable,,,,,,,,,,,,,,,,,,,,,ELLA T GRASSO,W,FALSE,1,,FALSE,1,Crossing Roadway,1,No,3,Failure to Yield Right-Of-Way,88,Not Applicable,5,Travel Lane-Other Location,0,None,88,Not Applicable,99,Unknown if Distracted,,,,New Haven,UnitedStates,,,,,,,3,EMS Ground,AMER MED RESPONSE,YALE-NH HOSP
973071,,4,22,2,Female,CT,6513,9,Witness,,,,,,,,,,,,,,,,,,,,,,,,,,,,,,,,,,,,,,,,,,,,,,,,,,,,,,,,,,,,,,New Haven,UnitedStates,,,,,,,,,,
973071,,3,41,1,Male,CT,,9,Witness,,,,,,,,,,,,,,,,,,,,,,,,,,,,,,,,,,,,,,,,,,,,,,,,,,,,,,,,,,,,,,Killingworth,UnitedStates,,,,,,,,,,
973073,1,2,25,2,Female,NY,,2,Passenger,O,No Apparent Injury (O),,,,,,,,,,,,,,,1,Not Ejected,99,Unknown,88,Not Applicable,1,Not Deployed,,,,,,,,,,,,,,,,,,,,,,,,,,,,,,,,,,,11,"First Row, Left Seat",,Brooklyn,UnitedStates,,,,,,,1,Not Transported,,
973497,2,5,,2,Female,CT,,2,Passenger,O,No Apparent Injury (O),,,,,,,,,,,,,,,1,Not Ejected,99,Unknown,88,Not Applicable,1,Not Deployed,,,,,,,,,,,,,,,,,,,,,,,,,,,,,,,,,,,,,2C,New Haven,UnitedStates,,,,,,,1,Not Transported,,
973497,2,4,,2,Female,CT,,2,Passenger,O,No Apparent Injury (O),,,,,,,,,,,,,,,1,Not Ejected,99,Unknown,88,Not Applicable,1,Not Deployed,,,,,,,,,,,,,,,,,,,,,,,,,,,,,,,,,,,,,2A,New Haven,UnitedStates,,,,,,,1,Not Transported,,
973497,2,3,,1,Male,CT,,2,Passenger,O,No Apparent Injury (O),,,,,,,,,,,,,,,1,Not Ejected,99,Unknown,88,Not Applicable,1,Not Deployed,,,,,,,,,,,,,,,,,,,,,,,,,,,,,,,,,,,,,2G,New Haven,UnitedStates,,,,,,,1,Not Transported,,
973502,2,6,,99,Unknown,,,2,Passenger,O,No Apparent Injury (O),,,,,,,,,,,,,,,1,Not Ejected,99,Unknown,88,Not Applicable,1,Not Deployed,,,,,,,,,,,,,,,,,,,,,,,,,,,,,,,,,,,13,"First Row, Right Seat",,,UnitedStates,,,,,,,1,Not Transported,,
973502,1,5,29,1,Male,CT,6751,2,Passenger,O,No Apparent Injury (O),,,,,,,,,,,,,,,1,Not Ejected,4,"Restraint Used, Type Unknown",88,Not Applicable,1,Not Deployed,,,,,,,,,,,,,,,,,,,,,,,,,,,,,,,,,,,28,"Second Row, Other Seat",,Bethleham,UnitedStates,,,CT,,,,1,Not Transported,,