CrashId,VehicleId,PersonId,Age,Gender,Gender Text Format,State,Postal Code,Person Type,Person Type Text Format,Injury Status,Injury Status Text Format,Condition at Time of Crash,Condition at Time of Crash Text Format,Condition at Time of Crash2,Condition at Time of Crash2 Text Format,Action Taken by Officer,Action Taken by Officer Text Format,Alcohol Test Status,Alcohol Test Status Text Format,Type Of Alcohol Test,Type Of Alcohol Test Text Format,Drug Test Status,Drug Test Status Text Format,Type Of Drig Test,Type Of Drig Test Text Format,Ejection Status,Ejection Status Text Format,Restraint System,Restraint System Text Format,Helmet Use,Helmet Use Text Format,Air Bag Status,Air Bag Status Text Format,Speeding Related,Speeding Related Text Format,Driver Actions 1,Driver Actions 1 Text Format,Driver Actions 2,Driver Actions 2 Text Format,Driver Actions 3,Driver Actions 3 Text Format,Driver Actions 4,Driver Actions 4 Text Format,Driver Distracted By,Driver Distracted By Text Format,Roadway On Which Nonmotorist Was Traveling/Located,Direction nonmotorist was traveling,Direction Unknown,Striking Motor Vehicle ID,Bicycle ID,Non-Motorist Not In Roadway,Actions or Circumstances Prior to Crash,Actions or Circumstances Prior to Crash Text Format,To or From School,To or From School Text Format,Actions or Circumstances At Time Of Crash,Actions or Circumstances At Time Of Crash Text Format,Actions or Circumstances At Time Of Crash2,Actions or Circumstances At Time Of Crash2 Text Format,Location At Time Of Crash,Location At Time Of Crash Text Format,Safety Equipment,Safety Equipment Text Format,Safety Equipment2,Safety Equipment2 Text Format,Non-motorist Distracted By,Non-motorist Distracted By Text Format,Seating Position,Seating Position Text Format,Seating Position for Bus,City,Country,Driver License Jurisdiction,Driver License Jurisdiction Text Format,Drivers License Issued By,Drivers License Class,Commercial License Class,Commercial License Class Text Format,Transported to First Medical Facility By,Transported to First Medical Facility By Text Format,Name of the EMS agency,Name of the Intended Receiving Facility
982884,1,4,5,2,Female,CT,,2,Passenger,O,No Apparent Injury (O),,,,,,,,,,,,,,,1,Not Ejected,99,Unknown,88,Not Applicable,88,Not applicable,,,,,,,,,,,,,,,,,,,,,,,,,,,,,,,,,,,23,"Second Row, Right Seat",,Norwalk,UnitedStates,,,CT,,,,1,Not Transported,,
982892,1,3,59,2,Female,SC,29456,2,Passenger,C,Possible Injury (C),,,,,,,,,,,,,,,1,Not Ejected,1,Shoulder and Lap Belt Used,88,Not Applicable,1,Not Deployed,,,,,,,,,,,,,,,,,,,,,,,,,,,,,,,,,,,21,"Second Row, Left Seat",,Ladson,UnitedStates,,,SC,,,,1,Not Transported,,
982892,1,4,59,1,Male,SC,29456,2,Passenger,C,Possible Injury (C),,,,,,,,,,,,,,,1,Not Ejected,1,Shoulder and Lap Belt Used,88,Not Applicable,1,Not Deployed,,,,,,,,,,,,,,,,,,,,,,,,,,,,,,,,,,,23,"Second Row, Right Seat",,Ladson,UnitedStates,,,SC,,,,1,Not Transported,,
982892,1,2,59,2,Female,AL,35810,2,Passenger,C,Possible Injury (C),,,,,,,,,,,,,,,1,Not Ejected,1,Shoulder and Lap Belt Used,88,Not Applicable,1,Not Deployed,,,,,,,,,,,,,,,,,,,,,,,,,,,,,,,,,,,13,"First Row, Right Seat",,Huntsville,UnitedStates,,,AL,,,,1,Not Transported,,
982895,,2,26,1,Male,CT,6511,3,Pedestrian,B,Suspected Minor Injury (B),97,Other,,,0,None taken,1,Test Not Given,88,Not Applicable,1,Test Not Given,88,Not Applicable,,,,,,,,,,,,,,,,,,,,,HOWARD AVE.,W,FALSE,1,,FALSE,1,Crossing Roadway,1,No,99,Unknown,88,Not Applicable,1,Intersection-Marked Crosswalk,99,Unknown,88,Not Applicable,99,Unknown if Distracted,,,,New Haven,UnitedStates,,,,,,,3,EMS Ground,AMER MED RESPONSE,YALE-NH HOSP
982905,2,3,21,1,Male,CT,6519,2,Passenger,C,Possible Injury (C),,,,,,,,,,,,,,,1,Not Ejected,99,Unknown,88,Not Applicable,2,Deployed-Front,,,,,,,,,,,,,,,,,,,,,,,,,,,,,,,,,,,13,"First Row, Right Seat",,New Haven,UnitedStates,,,,,,,3,EMS Ground,AMER MED RESPONSE,YALE-NH HOSP
983934,1,3,22,2,Female,CT,6443,2,Passenger,O,No Apparent Injury (O),,,,,,,,,,,,,,,1,Not Ejected,99,Unknown,88,Not Applicable,1,Not Deployed,,,,,,,,,,,,,,,,,,,,,,,,,,,,,,,,,,,13,"First Row, Right Seat",,Madison,UnitedStates,,,CT,,,,1,Not Transported,,
983935,2,3,7,1,Male,CT,6511,2,Passenger,O,No Apparent Injury (O),,,,,,,,,,,,,,,1,Not Ejected,1,Shoulder and Lap Belt Used,88,Not Applicable,99,Unknown,,,,,,,,,,,,,,,,,,,,,,,,,,,,,,,,,,,99,Unknown,,New Haven,UnitedStates,,,,,,,1,Not Transported,,
983935,1,4,19,2,Female,CT,6515,2,Passenger,C,Possible Injury (C),,,,,,,,,,,,,,,1,Not Ejected,99,Unknown,88,Not Applicable,1,Not Deployed,,,,,,,,,,,,,,,,,,,,,,,,,,,,,,,,,,,99,Unknown,,New Haven,UnitedStates,,,CT,,,,3,EMS Ground,AMER MED RESPONSE,
983943,1,4,27,1,Male,CT,6511,7,"Occupant of a Motor Vehicle Not in Operation (parked, etc.)",O,No Apparent Injury (O),,,,,,,,,,,,,,,99,Unknown,,,,,99,Unknown,,,,,,,,,,,,,,,,,,,,,,,,,,,,,,,,,,,99,Unknown,,New Haven,UnitedStates,,,,,,,1,Not Transported,,
983943,1,2,43,1,Male,NC,,7,"Occupant of a Motor Vehicle Not in Operation (parked, etc.)",C,Possible Injury (C),,,,,,,,,,,,,,,99,Unknown,,,,,99,Unknown,,,,,,,,,,,,,,,,,,,,,,,,,,,,,,,,,,,99,Unknown,,Charolette,UnitedStates,,,,,,,1,Not Transported,,
983943,1,3,57,1,Male,CT,6511,7,"Occupant of a Motor Vehicle Not in Operation (parked, etc.)",C,Possible Injury (C),,,,,,,,,,,,,,,99,Unknown,,,,,99,Unknown,,,,,,,,,,,,,,,,,,,,,,,,,,,,,,,,,,,99,Unknown,,New Haven,UnitedStates,,,,,,,3,EMS Ground,AMER MED RESPONSE,YALE-NH HOSP
983950,2,3,50,1,Male,CT,6418,2,Passenger,C,Possible Injury (C),,,,,,,,,,,,,,,1,Not Ejected,1,Shoulder and Lap Belt Used,88,Not Applicable,1,Not Deployed,,,,,,,,,,,,,,,,,,,,,,,,,,,,,,,,,,,12,"First Row, Middle Seat",,Derby,UnitedStates,,,CT,,,,3,EMS Ground,AMER MED RESPONSE,YALE-NH HOSP
983975,2,3,16,2,Female,CT,,2,Passenger,C,Possible Injury (C),,,,,,,,,,,,,,,1,Not Ejected,99,Unknown,88,Not Applicable,6,Deployed-Combination,,,,,,,,,,,,,,,,,,,,,,,,,,,,,,,,,,,23,"Second Row, Right Seat",,Ansonia,UnitedStates,,,,,,,1,Not Transported,,
983975,2,4,16,2,Female,CT,,2,Passenger,C,Possible Injury (C),,,,,,,,,,,,,,,1,Not Ejected,99,Unknown,88,Not Applicable,6,Deployed-Combination,,,,,,,,,,,,,,,,,,,,,,,,,,,,,,,,,,,21,"Second Row, Left Seat",,Ansonia,UnitedStates,,,,,,,3,EMS Ground,AMER MED RESPONSE,YALE-NH HOSP
983975,,6,63,2,Female,,,9,Witness,,,,,,,,,,,,,,,,,,,,,,,,,,,,,,,,,,,,,,,,,,,,,,,,,,,,,,,,,,,,,,New Haven Ct,UnitedStates,,,,,,,,,,
983975,2,2,17,2,Female,CT,,2,Passenger,C,Possible Injury (C),,,,,,,,,,,,,,,1,Not Ejected,99,Unknown,88,Not Applicable,6,Deployed-Combination,,,,,,,,,,,,,,,,,,,,,,,,,,,,,,,,,,,13,"First Row, Right Seat",,Ansonia,UnitedStates,,,,,,,3,EMS Ground,AMER MED RESPONSE,YALE-NH HOSP
984707,2,3,55,2,Female,CT,6108,2,Passenger,O,No Apparent Injury (O),,,,,,,,,,,,,,,1,Not Ejected,99,Unknown,88,Not Applicable,1,Not Deployed,,,,,,,,,,,,,,,,,,,,,,,,,,,,,,,,,,,23,"Second Row, Right Seat",,East Hartford,UnitedStates,,,CT,,,,1,Not Transported,,
984711,1,2,65,1,Male,CT,,2,Passenger,O,No Apparent Injury (O),,,,,,,,,,,,,,,1,Not Ejected,1,Shoulder and Lap Belt Used,88,Not Applicable,1,Not Deployed,,,,,,,,,,,,,,,,,,,,,,,,,,,,,,,,,,,13,"First Row, Right Seat",,New Haven,UnitedStates,,,CT,,,,1,Not Transported,,
984718,1,2,30,1,Male,CT,6451,2,Passenger,O,No Apparent Injury (O),,,,,,,,,,,,,,,1,Not Ejected,99,Unknown,88,Not Applicable,1,Not Deployed,,,,,,,,,,,,,,,,,,,,,,,,,,,,,,,,,,,99,Unknown,,Meriden,UnitedStates,,,CT,,,,1,Not Transported,,
984718,2,4,31,2,Female,CT,6515,2,Passenger,C,Possible Injury (C),,,,,,,,,,,,,,,1,Not Ejected,99,Unknown,88,Not Applicable,1,Not Deployed,,,,,,,,,,,,,,,,,,,,,,,,,,,,,,,,,,,13,"First Row, Right Seat",,New Haven,UnitedStates,,,,,,,1,Not Transported,,
985120,2,6,45,2,Female,CT,6513,2,Passenger,C,Possible Injury (C),,,,,,,,,,,,,,,1,Not Ejected,99,Unknown,88,Not Applicable,1,Not Deployed,,,,,,,,,,,,,,,,,,,,,,,,,,,,,,,,,,,13,"First Row, Right Seat",,New Haven,UnitedStates,,,CT,,,,1,Not Transported,,
985120,1,3,5,1,Male,CT,6511,2,Passenger,O,No Apparent Injury (O),,,,,,,,,,,,,,,1,Not Ejected,1,Shoulder and Lap Belt Used,88,Not Applicable,1,Not Deployed,,,,,,,,,,,,,,,,,,,,,,,,,,,,,,,,,,,22,"Second Row, Middle Seat",,New Haven,UnitedStates,,,,,,,1,Not Transported,,
985120,1,2,10,1,Male,CT,6511,2,Passenger,O,No Apparent Injury (O),,,,,,,,,,,,,,,1,Not Ejected,1,Shoulder and Lap Belt Used,88,Not Applicable,1,Not Deployed,,,,,,,,,,,,,,,,,,,,,,,,,,,,,,,,,,,21,"Second Row, Left Seat",,New Haven,UnitedStates,,,,,,,1,Not Transported,,
985120,1,4,3,1,Male,CT,6511,2,Passenger,O,No Apparent Injury (O),,,,,,,,,,,,,,,1,Not Ejected,1,Shoulder and Lap Belt Used,88,Not Applicable,1,Not Deployed,,,,,,,,,,,,,,,,,,,,,,,,,,,,,,,,,,,23,"Second Row, Right Seat",,New Haven,UnitedStates,,,,,,,1,Not Transported,,
985125,1,2,21,2,Female,,,2,Passenger,O,No Apparent Injury (O),,,,,,,,,,,,,,,1,Not Ejected,99,Unknown,88,Not Applicable,1,Not Deployed,,,,,,,,,,,,,,,,,,,,,,,,,,,,,,,,,,,13,"First Row, Right Seat",,,UnitedStates,,,,,,,1,Not Transported,,
985128,1,4,1,1,Male,CT,6515,2,Passenger,O,No Apparent Injury (O),,,,,,,,,,,,,,,1,Not Ejected,5,"Child Restraint System, Forward Facing",88,Not Applicable,1,Not Deployed,,,,,,,,,,,,,,,,,,,,,,,,,,,,,,,,,,,23,"Second Row, Right Seat",,New Haven,UnitedStates,,,,,,,1,Not Transported,,
985128,1,2,27,2,Female,CT,6515,2,Passenger,O,No Apparent Injury (O),,,,,,,,,,,,,,,1,Not Ejected,99,Unknown,88,Not Applicable,1,Not Deployed,,,,,,,,,,,,,,,,,,,,,,,,,,,,,,,,,,,13,"First Row, Right Seat",,New Haven,UnitedStates,,,CT,,,,1,Not Transported,,
985128,1,3,2,2,Female,CT,6515,2,Passenger,O,No Apparent Injury (O),,,,,,,,,,,,,,,1,Not Ejected,5,"Child Restraint System, Forward Facing",88,Not Applicable,1,Not Deployed,,,,,,,,,,,,,,,,,,,,,,,,,,,,,,,,,,,21,"Second Row, Left Seat",,New Haven,UnitedStates,,,,,,,1,Not Transported,,
985132,,4,58,1,Male,CT,6511,3,Pedestrian,C,Possible Injury (C),1,Apparently Normal,1,Apparently Normal,0,None taken,1,Test Not Given,88,Not Applicable,1,Test Not Given,88,Not Applicable,,,,,,,,,,,,,,,,,,,,,DIXWELL AVE,,TRUE,2,,FALSE,7,"Adjacent to Roadway (e.g., Shoulder, Median)",1,No,1,No Improper Action,88,Not Applicable,7,Shoulder/Roadside,0,None,88,Not Applicable,1,Not Distracted,,,,New Haven,UnitedStates,,,,,,,1,Not Transported,,
985132,2,3,57,2,Female,CT,6517,2,Passenger,O,No Apparent Injury (O),,,,,,,,,,,,,,,1,Not Ejected,1,Shoulder and Lap Belt Used,88,Not Applicable,1,Not Deployed,,,,,,,,,,,,,,,,,,,,,,,,,,,,,,,,,,,13,"First Row, Right Seat",,Hamden,UnitedStates,,,,,,,1,Not Transported,,
985132,,5,57,1,Male,CT,6511,3,Pedestrian,C,Possible Injury (C),1,Apparently Normal,1,Apparently Normal,0,None taken,1,Test Not Given,88,Not Applicable,1,Test Not Given,88,Not Applicable,,,,,,,,,,,,,,,,,,,,,DIXWELL AVE,,TRUE,2,,FALSE,7,"Adjacent to Roadway (e.g., Shoulder, Median)",1,No,1,No Improper Action,88,Not Applicable,7,Shoulder/Roadside,0,None,88,Not Applicable,1,Not Distracted,,,,New Haven,UnitedStates,,,,,,,1,Not Transported,,
985132,1,1,65,1,Male,CT,6517,7,"Occupant of a Motor Vehicle Not in Operation (parked, etc.)",O,No Apparent Injury (O),,,,,,,,,,,,,,,99,Unknown,,,,,99,Unknown,,,,,88,Not Applicable,88,Not Applicable,88,Not Applicable,,,,,,,,,,,,,,,,,,,,,,,,,99,Unknown,,Hamden,UnitedStates,,,CT,,,,1,Not Transported,,
985500,1,2,20,2,Female,CT,6379,2,Passenger,B,Suspected Minor Injury (B),,,,,,,,,,,,,,,1,Not Ejected,0,None Used-Motor Vehicle Occupant,88,Not Applicable,1,Not Deployed,,,,,,,,,,,,,,,,,,,,,,,,,,,,,,,,,,,13,"First Row, Right Seat",,Pawcatuck,UnitedStates,,,CT,,,,3,EMS Ground,AMER MED RESPONSE,ST RAPHAELS-YNHH
985504,,3,,99,Unknown,,,9,Witness,,,,,,,,,,,,,,,,,,,,,,,,,,,,,,,,,,,,,,,,,,,,,,,,,,,,,,,,,,,,,,,UnitedStates,,,,,,,,,,
985507,2,4,5,2,Female,CT,6037,2,Passenger,O,No Apparent Injury (O),,,,,,,,,,,,,,,1,Not Ejected,4,"Restraint Used, Type Unknown",88,Not Applicable,1,Not Deployed,,,,,,,,,,,,,,,,,,,,,,,,,,,,,,,,,,,23,"Second Row, Right Seat",,Meriden,UnitedStates,,,,,,,1,Not Transported,,
985507,2,3,5,1,Male,CT,6511,2,Passenger,O,No Apparent Injury (O),,,,,,,,,,,,,,,1,Not Ejected,4,"Restraint Used, Type Unknown",88,Not Applicable,1,Not Deployed,,,,,,,,,,,,,,,,,,,,,,,,,,,,,,,,,,,21,"Second Row, Left Seat",,New Haven,UnitedStates,,,,,,,1,Not Transported,,
985508,,2,56,2,Female,CT,6516,9,Witness,,,,,,,,,,,,,,,,,,,,,,,,,,,,,,,,,,,,,,,,,,,,,,,,,,,,,,,,,,,,,,West Haven,UnitedStates,,,,,,,,,,
985516,1,3,10,2,Female,CT,6492,2,Passenger,O,No Apparent Injury (O),,,,,,,,,,,,,,,1,Not Ejected,5,"Child Restraint System, Forward Facing",88,Not Applicable,1,Not Deployed,,,,,,,,,,,,,,,,,,,,,,,,,,,,,,,,,,,23,"Second Row, Right Seat",,Wallingford,UnitedStates,,,,,,,1,Not Transported,,
985516,2,4,3,2,Female,CT,6513,2,Passenger,O,No Apparent Injury (O),,,,,,,,,,,,,,,1,Not Ejected,5,"Child Restraint System, Forward Facing",88,Not Applicable,1,Not Deployed,,,,,,,,,,,,,,,,,,,,,,,,,,,,,,,,,,,23,"Second Row, Right Seat",,New Haven,UnitedStates,,,,,,,1,Not Transported,,
985516,2,6,7,1,Male,CT,6483,2,Passenger,O,No Apparent Injury (O),,,,,,,,,,,,,,,1,Not Ejected,99,Unknown,88,Not Applicable,1,Not Deployed,,,,,,,,,,,,,,,,,,,,,,,,,,,,,,,,,,,21,"Second Row, Left Seat",,New Haven,UnitedStates,,,,,,,1,Not Transported,,
985516,2,5,8,1,Male,CT,6513,2,Passenger,C,Possible Injury (C),,,,,,,,,,,,,,,1,Not Ejected,99,Unknown,88,Not Applicable,1,Not Deployed,,,,,,,,,,,,,,,,,,,,,,,,,,,,,,,,,,,22,"Second Row, Middle Seat",,New Haven,UnitedStates,,,,,,,1,Not Transported,,
985517,1,7,13,2,Female,CT,,2,Passenger,O,No Apparent Injury (O),,,,,,,,,,,,,,,1,Not Ejected,99,Unknown,88,Not Applicable,1,Not Deployed,,,,,,,,,,,,,,,,,,,,,,,,,,,,,,,,,,,,,4A,New Haven,UnitedStates,,,,,,,1,Not Transported,,
985517,1,10,8,2,Female,CT,,2,Passenger,O,No Apparent Injury (O),,,,,,,,,,,,,,,1,Not Ejected,99,Unknown,88,Not Applicable,1,Not Deployed,,,,,,,,,,,,,,,,,,,,,,,,,,,,,,,,,,,,,5B,New Haven,UnitedStates,,,,,,,1,Not Transported,,
985517,1,9,9,2,Female,CT,,2,Passenger,O,No Apparent Injury (O),,,,,,,,,,,,,,,1,Not Ejected,99,Unknown,88,Not Applicable,1,Not Deployed,,,,,,,,,,,,,,,,,,,,,,,,,,,,,,,,,,,,,5A,New Haven,UnitedStates,,,,,,,1,Not Transported,,
985517,1,5,12,2,Female,CT,,2,Passenger,C,Possible Injury (C),,,,,,,,,,,,,,,1,Not Ejected,99,Unknown,88,Not Applicable,1,Not Deployed,,,,,,,,,,,,,,,,,,,,,,,,,,,,,,,,,,,,,3A,New Haven,UnitedStates,,,,,,,3,EMS Ground,AMER MED RESPONSE,YALE-NH HOSP
985517,1,4,13,1,Male,CT,,2,Passenger,C,Possible Injury (C),,,,,,,,,,,,,,,1,Not Ejected,99,Unknown,88,Not Applicable,1,Not Deployed,,,,,,,,,,,,,,,,,,,,,,,,,,,,,,,,,,,,,2B,New Haven,UnitedStates,,,,,,,3,EMS Ground,AMER MED RESPONSE,YALE-NH HOSP
985517,1,8,13,2,Female,CT,,2,Passenger,C,Possible Injury (C),,,,,,,,,,,,,,,1,Not Ejected,99,Unknown,88,Not Applicable,1,Not Deployed,,,,,,,,,,,,,,,,,,,,,,,,,,,,,,,,,,,,,4B,New Haven,UnitedStates,,,,,,,3,EMS Ground,AMER MED RESPONSE,YALE-NH HOSP
985517,1,12,9,1,Male,CT,,2,Passenger,O,No Apparent Injury (O),,,,,,,,,,,,,,,1,Not Ejected,99,Unknown,88,Not Applicable,1,Not Deployed,,,,,,,,,,,,,,,,,,,,,,,,,,,,,,,,,,,,,6B,New Haven,UnitedStates,,,,,,,1,Not Transported,,
985517,1,11,7,1,Male,CT,,2,Passenger,O,No Apparent Injury (O),,,,,,,,,,,,,,,1,Not Ejected,99,Unknown,88,Not Applicable,1,Not Deployed,,,,,,,,,,,,,,,,,,,,,,,,,,,,,,,,,,,,,6A,New Haven,UnitedStates,,,,,,,1,Not Transported,,
985517,1,6,9,1,Male,CT,,2,Passenger,C,Possible Injury (C),,,,,,,,,,,,,,,1,Not Ejected,99,Unknown,88,Not Applicable,1,Not Deployed,,,,,,,,,,,,,,,,,,,,,,,,,,,,,,,,,,,,,3F,New Haven,UnitedStates,,,,,,,3,EMS Ground,AMER MED RESPONSE,YALE-NH HOSP
985517,1,3,12,2,Female,CT,,2,Passenger,C,Possible Injury (C),,,,,,,,,,,,,,,1,Not Ejected,99,Unknown,88,Not Applicable,1,Not Deployed,,,,,,,,,,,,,,,,,,,,,,,,,,,,,,,,,,,,,2A,New Haven,UnitedStates,,,,,,,3,EMS Ground,AMER MED RESPONSE,YALE-NH HOSP
985517,1,13,7,1,Male,CT,,2,Passenger,O,No Apparent Injury (O),,,,,,,,,,,,,,,1,Not Ejected,99,Unknown,88,Not Applicable,1,Not Deployed,,,,,,,,,,,,,,,,,,,,,,,,,,,,,,,,,,,,,7A,New Haven,UnitedStates,,,,,,,1,Not Transported,,
985946,3,4,28,2,Female,CT,6511,2,Passenger,B,Suspected Minor Injury (B),,,,,,,,,,,,,,,1,Not Ejected,4,"Restraint Used, Type Unknown",88,Not Applicable,99,Unknown,,,,,,,,,,,,,,,,,,,,,,,,,,,,,,,,,,,21,"Second Row, Left Seat",,New Haven,UnitedStates,,,CT,,,,1,Not Transported,,
985946,3,5,25,2,Female,CT,,2,Passenger,O,No Apparent Injury (O),,,,,,,,,,,,,,,1,Not Ejected,4,"Restraint Used, Type Unknown",88,Not Applicable,99,Unknown,,,,,,,,,,,,,,,,,,,,,,,,,,,,,,,,,,,13,"First Row, Right Seat",,Bridgeport,UnitedStates,,,,,,,1,Not Transported,,
985951,,3,19,1,Male,CT,,3,Pedestrian,C,Possible Injury (C),1,Apparently Normal,1,Apparently Normal,1,Verbal Warning,1,Test Not Given,88,Not Applicable,1,Test Not Given,88,Not Applicable,,,,,,,,,,,,,,,,,,,,,WHITNEY AVENUE,S,FALSE,1,,FALSE,1,Crossing Roadway,2,Yes,2,Dart/Dash,88,Not Applicable,97,Other,0,None,88,Not Applicable,99,Unknown if Distracted,,,,New Haven,UnitedStates,,,,,,,3,EMS Ground,AMER MED RESPONSE,YALE-NH HOSP
985951,1,2,16,1,Male,CT,,2,Passenger,O,No Apparent Injury (O),,,,,,,,,,,,,,,1,Not Ejected,99,Unknown,88,Not Applicable,1,Not Deployed,,,,,,,,,,,,,,,,,,,,,,,,,,,,,,,,,,,23,"Second Row, Right Seat",,New Haven,UnitedStates,,,,,,,1,Not Transported,,
985951,,4,60,1,Male,CT,,9,Witness,,,,,,,,,,,,,,,,,,,,,,,,,,,,,,,,,,,,,,,,,,,,,,,,,,,,,,,,,,,,,,New Haven,UnitedStates,,,,,,,,,,
985952,,2,52,1,Male,CT,,3,Pedestrian,C,Possible Injury (C),1,Apparently Normal,,,0,None taken,1,Test Not Given,88,Not Applicable,1,Test Not Given,88,Not Applicable,,,,,,,,,,,,,,,,,,,,,,,TRUE,1,,TRUE,6,In Roadway - Other,1,No,5,"In Roadway Improperly (Standing, Lying, Working, Playing)",88,Not Applicable,5,Travel Lane-Other Location,0,None,88,Not Applicable,1,Not Distracted,,,,New Haven,UnitedStates,,,,,,,1,Not Transported,,
985953,1,2,26,2,Female,CT,6513,2,Passenger,C,Possible Injury (C),,,,,,,,,,,,,,,1,Not Ejected,1,Shoulder and Lap Belt Used,88,Not Applicable,6,Deployed-Combination,,,,,,,,,,,,,,,,,,,,,,,,,,,,,,,,,,,13,"First Row, Right Seat",,New Haven,UnitedStates,,,CT,,,,3,EMS Ground,AMER MED RESPONSE,YALE-NH HOSP
985957,2,4,63,1,Male,CT,6473,2,Passenger,C,Possible Injury (C),,,,,,,,,,,,,,,1,Not Ejected,99,Unknown,88,Not Applicable,2,Deployed-Front,,,,,,,,,,,,,,,,,,,,,,,,,,,,,,,,,,,13,"First Row, Right Seat",,North Haven,UnitedStates,,,CT,,,,3,EMS Ground,AMER MED RESPONSE,YALE-NH HOSP
985957,1,2,35,2,Female,CT,6515,2,Passenger,O,No Apparent Injury (O),,,,,,,,,,,,,,,1,Not Ejected,99,Unknown,88,Not Applicable,1,Not Deployed,,,,,,,,,,,,,,,,,,,,,,,,,,,,,,,,,,,13,"First Row, Right Seat",,New Haven,UnitedStates,,,CT,,,,1,Not Transported,,
985966,,3,22,1,Male,,,9,Witness,,,,,,,,,,,,,,,,,,,,,,,,,,,,,,,,,,,,,,,,,,,,,,,,,,,,,,,,,,,,,,,UnitedStates,,,,,,,,,,
986402,,2,49,2,Female,CT,6511,3,Pedestrian,B,Suspected Minor Injury (B),99,Unknown,,,0,None taken,1,Test Not Given,88,Not Applicable,1,Test Not Given,88,Not Applicable,,,,,,,,,,,,,,,,,,,,,WHALLEY AVE,N,FALSE,1,,FALSE,1,Crossing Roadway,1,No,5,"In Roadway Improperly (Standing, Lying, Working, Playing)",88,Not Applicable,5,Travel Lane-Other Location,99,Unknown,88,Not Applicable,99,Unknown if Distracted,,,,New Haven,UnitedStates,,,FL,,,,3,EMS Ground,AMER MED RESPONSE,YALE-NH HOSP
986405,,2,61,1,Male,CT,,9,Witness,,,,,,,,,,,,,,,,,,,,,,,,,,,,,,,,,,,,,,,,,,,,,,,,,,,,,,,,,,,,,,New Haven,UnitedStates,,,,,,,,,,
986408,,2,38,1,Male,CT,6511,3,Pedestrian,B,Suspected Minor Injury (B),99,Unknown,99,Unknown,0,None taken,1,Test Not Given,88,Not Applicable,1,Test Not Given,88,Not Applicable,,,,,,,,,,,,,,,,,,,,,COLOMBUS AVE,E,FALSE,1,,FALSE,1,Crossing Roadway,1,No,11,Improper Passing,88,Not Applicable,1,Intersection-Marked Crosswalk,0,None,88,Not Applicable,99,Unknown if Distracted,,,,New Haven,UnitedStates,99,Unknown,,,,,3,EMS Ground,AMER MED RESPONSE,YALE-NH HOSP
986421,2,3,22,1,Male,CT,6516,2,Passenger,C,Possible Injury (C),,,,,,,,,,,,,,,1,Not Ejected,1,Shoulder and Lap Belt Used,88,Not Applicable,2,Deployed-Front,,,,,,,,,,,,,,,,,,,,,,,,,,,,,,,,,,,13,"First Row, Right Seat",,West Haven,UnitedStates,,,CT,,,,3,EMS Ground,AMER MED RESPONSE,YALE-NH HOSP
986427,1,2,25,2,Female,CT,,2,Passenger,B,Suspected Minor Injury (B),,,,,,,,,,,,,,,1,Not Ejected,99,Unknown,88,Not Applicable,2,Deployed-Front,,,,,,,,,,,,,,,,,,,,,,,,,,,,,,,,,,,13,"First Row, Right Seat",,Hamden,UnitedStates,,,,,,,3,EMS Ground,AMER MED RESPONSE,YALE-NH HOSP
986427,2,4,31,2,Female,CT,6118,2,Passenger,O,No Apparent Injury (O),,,,,,,,,,,,,,,1,Not Ejected,99,Unknown,88,Not Applicable,6,Deployed-Combination,,,,,,,,,,,,,,,,,,,,,,,,,,,,,,,,,,,13,"First Row, Right Seat",,East Hartford,UnitedStates,,,CT,,,,1,Not Transported,,
986429,1,2,35,2,Female,CT,,2,Passenger,O,No Apparent Injury (O),,,,,,,,,,,,,,,1,Not Ejected,99,Unknown,88,Not Applicable,1,Not Deployed,,,,,,,,,,,,,,,,,,,,,,,,,,,,,,,,,,,13,"First Row, Right Seat",,Hamden,UnitedStates,,,IL,,,,1,Not Transported,,
986434,,4,18,2,Female,CT,6514,9,Witness,,,,,,,,,,,,,,,,,,,,,,,,,,,,,,,,,,,,,,,,,,,,,,,,,,,,,,,,,,,,,,Hamden,UnitedStates,,,,,,,,,,
986434,,3,32,1,Male,CT,6519,9,Witness,,,,,,,,,,,,,,,,,,,,,,,,,,,,,,,,,,,,,,,,,,,,,,,,,,,,,,,,,,,,,,New Haven,UnitedStates,,,,,,,,,,
986434,,2,68,1,Male,CT,6519,3,Pedestrian,K,Fatal Injury (K),99,Unknown,,,0,None taken,1,Test Not Given,88,Not Applicable,1,Test Not Given,88,Not Applicable,,,,,,,,,,,,,,,,,,,,,ELLA T GRASSO BLVD,W,FALSE,1,,FALSE,1,Crossing Roadway,1,No,99,Unknown,88,Not Applicable,5,Travel Lane-Other Location,99,Unknown,88,Not Applicable,99,Unknown if Distracted,,,,New Haven,UnitedStates,99,Unknown,,,,,1,Not Transported,,
986435,2,3,23,1,Male,MA,2740,2,Passenger,O,No Apparent Injury (O),,,,,,,,,,,,,,,1,Not Ejected,99,Unknown,88,Not Applicable,1,Not Deployed,,,,,,,,,,,,,,,,,,,,,,,,,,,,,,,,,,,23,"Second Row, Right Seat",,New Bedford,UnitedStates,,,,,,,1,Not Transported,,
986435,4,10,25,2,Female,CT,6614,2,Passenger,C,Possible Injury (C),,,,,,,,,,,,,,,1,Not Ejected,99,Unknown,88,Not Applicable,5,"Deployed-Other (knee, air belt, etc)",,,,,,,,,,,,,,,,,,,,,,,,,,,,,,,,,,,22,"Second Row, Middle Seat",,Stratford,UnitedStates,,,,,,,3,EMS Ground,AMER MED RESPONSE,YALE-NH HOSP
986435,5,12,46,2,Female,CT,6515,2,Passenger,O,No Apparent Injury (O),,,,,,,,,,,,,,,1,Not Ejected,99,Unknown,88,Not Applicable,1,Not Deployed,,,,,,,,,,,,,,,,,,,,,,,,,,,,,,,,,,,13,"First Row, Right Seat",,New Haven,UnitedStates,,,CT,,,,1,Not Transported,,
986435,4,9,26,2,Female,CT,6824,2,Passenger,C,Possible Injury (C),,,,,,,,,,,,,,,1,Not Ejected,99,Unknown,88,Not Applicable,5,"Deployed-Other (knee, air belt, etc)",,,,,,,,,,,,,,,,,,,,,,,,,,,,,,,,,,,23,"Second Row, Right Seat",,Fairfield,UnitedStates,,,CT,,,,3,EMS Ground,AMER MED RESPONSE,YALE-NH HOSP
986435,4,7,25,2,Female,CT,6614,2,Passenger,C,Possible Injury (C),,,,,,,,,,,,,,,1,Not Ejected,99,Unknown,88,Not Applicable,2,Deployed-Front,,,,,,,,,,,,,,,,,,,,,,,,,,,,,,,,,,,13,"First Row, Right Seat",,Stratford,UnitedStates,,,CT,,,,3,EMS Ground,AMER MED RESPONSE,YALE-NH HOSP
986435,4,8,25,2,Female,CT,6614,2,Passenger,C,Possible Injury (C),,,,,,,,,,,,,,,1,Not Ejected,99,Unknown,88,Not Applicable,1,Not Deployed,,,,,,,,,,,,,,,,,,,,,,,,,,,,,,,,,,,21,"Second Row, Left Seat",,Stratford,UnitedStates,,,CT,,,,3,EMS Ground,AMER MED RESPONSE,YALE-NH HOSP
986435,3,5,21,1,Male,CT,2721,2,Passenger,A,Suspected Serious Injury (A),,,,,,,,,,,,,,,1,Not Ejected,99,Unknown,88,Not Applicable,1,Not Deployed,,,,,,,,,,,,,,,,,,,,,,,,,,,,,,,,,,,13,"First Row, Right Seat",,New Haven,UnitedStates,,,,,,,3,EMS Ground,AMER MED RESPONSE,YALE-NH HOSP
988039,,1,66,1,Male,CT,6516,3,Pedestrian,C,Possible Injury (C),1,Apparently Normal,,,0,None taken,1,Test Not Given,88,Not Applicable,1,Test Not Given,88,Not Applicable,,,,,,,,,,,,,,,,,,,,,EDGEWOOD AVE,E,FALSE,1,,FALSE,1,Crossing Roadway,1,No,1,No Improper Action,88,Not Applicable,1,Intersection-Marked Crosswalk,0,None,88,Not Applicable,1,Not Distracted,,,,West Haven,UnitedStates,99,Unknown,,,,,3,EMS Ground,AMER MED RESPONSE,ST RAPHAELS-YNHH
988577,1,4,10,2,Female,,,2,Passenger,O,No Apparent Injury (O),,,,,,,,,,,,,,,1,Not Ejected,1,Shoulder and Lap Belt Used,88,Not Applicable,1,Not Deployed,,,,,,,,,,,,,,,,,,,,,,,,,,,,,,,,,,,21,"Second Row, Left Seat",,,UnitedStates,,,,,,,1,Not Transported,,