CrashId,VehicleId,PersonId,Age,Gender,Gender Text Format,State,Postal Code,Person Type,Person Type Text Format,Injury Status,Injury Status Text Format,Condition at Time of Crash,Condition at Time of Crash Text Format,Condition at Time of Crash2,Condition at Time of Crash2 Text Format,Action Taken by Officer,Action Taken by Officer Text Format,Alcohol Test Status,Alcohol Test Status Text Format,Type Of Alcohol Test,Type Of Alcohol Test Text Format,Drug Test Status,Drug Test Status Text Format,Type Of Drig Test,Type Of Drig Test Text Format,Ejection Status,Ejection Status Text Format,Restraint System,Restraint System Text Format,Helmet Use,Helmet Use Text Format,Air Bag Status,Air Bag Status Text Format,Speeding Related,Speeding Related Text Format,Driver Actions 1,Driver Actions 1 Text Format,Driver Actions 2,Driver Actions 2 Text Format,Driver Actions 3,Driver Actions 3 Text Format,Driver Actions 4,Driver Actions 4 Text Format,Driver Distracted By,Driver Distracted By Text Format,Roadway On Which Nonmotorist Was Traveling/Located,Direction nonmotorist was traveling,Direction Unknown,Striking Motor Vehicle ID,Bicycle ID,Non-Motorist Not In Roadway,Actions or Circumstances Prior to Crash,Actions or Circumstances Prior to Crash Text Format,To or From School,To or From School Text Format,Actions or Circumstances At Time Of Crash,Actions or Circumstances At Time Of Crash Text Format,Actions or Circumstances At Time Of Crash2,Actions or Circumstances At Time Of Crash2 Text Format,Location At Time Of Crash,Location At Time Of Crash Text Format,Safety Equipment,Safety Equipment Text Format,Safety Equipment2,Safety Equipment2 Text Format,Non-motorist Distracted By,Non-motorist Distracted By Text Format,Seating Position,Seating Position Text Format,Seating Position for Bus,City,Country,Driver License Jurisdiction,Driver License Jurisdiction Text Format,Drivers License Issued By,Drivers License Class,Commercial License Class,Commercial License Class Text Format,Transported to First Medical Facility By,Transported to First Medical Facility By Text Format,Name of the EMS agency,Name of the Intended Receiving Facility
1234224,1,3,6,1,Male,CT,6516,2,Passenger,B,Suspected Minor Injury (B),,,,,,,,,,,,,,,1,Not Ejected,8,"Child Restraint, Type Unknown",88,Not Applicable,6,Deployed-Combination,,,,,,,,,,,,,,,,,,,,,,,,,,,,,,,,,,,23,"Second Row, Right Seat",,West Haven,UnitedStates,,,,,,,3,EMS Ground,AMER MED RESPONSE,YALE-NH HOSP
1234224,1,2,13,2,Female,CT,6516,2,Passenger,A,Suspected Serious Injury (A),,,,,,,,,,,,,,,1,Not Ejected,99,Unknown,88,Not Applicable,6,Deployed-Combination,,,,,,,,,,,,,,,,,,,,,,,,,,,,,,,,,,,13,"First Row, Right Seat",,West Haven,UnitedStates,,,,,,,3,EMS Ground,AMER MED RESPONSE,YALE-NH HOSP
1234225,2,3,60,2,Female,,,2,Passenger,B,Suspected Minor Injury (B),,,,,,,,,,,,,,,1,Not Ejected,99,Unknown,88,Not Applicable,6,Deployed-Combination,,,,,,,,,,,,,,,,,,,,,,,,,,,,,,,,,,,13,"First Row, Right Seat",,,UnitedStates,,,,,,,3,EMS Ground,AMER MED RESPONSE,YALE-NH HOSP
1235057,2,3,0,2,Female,,,2,Passenger,O,No Apparent Injury (O),,,,,,,,,,,,,,,1,Not Ejected,8,"Child Restraint, Type Unknown",88,Not Applicable,88,Not applicable,,,,,,,,,,,,,,,,,,,,,,,,,,,,,,,,,,,99,Unknown,,,UnitedStates,,,,,,,1,Not Transported,,
1235076,2,3,26,2,Female,CT,6511,2,Passenger,O,No Apparent Injury (O),,,,,,,,,,,,,,,1,Not Ejected,1,Shoulder and Lap Belt Used,88,Not Applicable,1,Not Deployed,,,,,,,,,,,,,,,,,,,,,,,,,,,,,,,,,,,13,"First Row, Right Seat",,New Haven,UnitedStates,,,,,,,1,Not Transported,,
1235078,1,3,19,1,Male,CT,6516,2,Passenger,B,Suspected Minor Injury (B),,,,,,,,,,,,,,,1,Not Ejected,99,Unknown,88,Not Applicable,6,Deployed-Combination,,,,,,,,,,,,,,,,,,,,,,,,,,,,,,,,,,,13,"First Row, Right Seat",,West Haven,UnitedStates,,,,,,,3,EMS Ground,AMER MED RESPONSE,YALE-NH HOSP
1235491,1,2,26,2,Female,CT,,2,Passenger,C,Possible Injury (C),,,,,,,,,,,,,,,1,Not Ejected,99,Unknown,88,Not Applicable,2,Deployed-Front,,,,,,,,,,,,,,,,,,,,,,,,,,,,,,,,,,,23,"Second Row, Right Seat",,New Haven,UnitedStates,,,,,,,3,EMS Ground,AMER MED RESPONSE,ST RAPHAELS-YNHH
1235492,,2,41,1,Male,CT,6515,5,Bicyclist,C,Possible Injury (C),1,Apparently Normal,1,Apparently Normal,0,None taken,1,Test Not Given,88,Not Applicable,1,Test Not Given,88,Not Applicable,,,,,,,,,,,,,,,,,,,,,ELM ST,E,FALSE,2,2,FALSE,3,Walking/Cycling along Roadway Along Traffic (In or Adjacent to Travel Lane),1,No,1,No Improper Action,88,Not Applicable,6,Bicycle Lane,1,Helmet,88,Not Applicable,1,Not Distracted,,,,New Haven,UnitedStates,2,State,CT,,,,1,Not Transported,,
1235496,1,3,8,1,Male,CT,6513,2,Passenger,O,No Apparent Injury (O),,,,,,,,,,,,,,,1,Not Ejected,1,Shoulder and Lap Belt Used,1,No Helmet,1,Not Deployed,,,,,,,,,,,,,,,,,,,,,,,,,,,,,,,,,,,,,3B,New Haven,UnitedStates,,,,,,,1,Not Transported,,
1235496,1,2,7,2,Female,CT,6513,2,Passenger,O,No Apparent Injury (O),,,,,,,,,,,,,,,1,Not Ejected,1,Shoulder and Lap Belt Used,1,No Helmet,1,Not Deployed,,,,,,,,,,,,,,,,,,,,,,,,,,,,,,,,,,,,,2A,New Haven,UnitedStates,,,,,,,1,Not Transported,,
1235955,3,4,59,2,Female,,,2,Passenger,O,No Apparent Injury (O),,,,,,,,,,,,,,,1,Not Ejected,1,Shoulder and Lap Belt Used,88,Not Applicable,1,Not Deployed,,,,,,,,,,,,,,,,,,,,,,,,,,,,,,,,,,,13,"First Row, Right Seat",,,UnitedStates,,,,,,,1,Not Transported,,
1235955,2,6,,2,Female,,,2,Passenger,O,No Apparent Injury (O),,,,,,,,,,,,,,,1,Not Ejected,99,Unknown,88,Not Applicable,1,Not Deployed,,,,,,,,,,,,,,,,,,,,,,,,,,,,,,,,,,,23,"Second Row, Right Seat",,,UnitedStates,,,,,,,1,Not Transported,,
1235955,2,5,69,2,Female,,,2,Passenger,C,Possible Injury (C),,,,,,,,,,,,,,,1,Not Ejected,99,Unknown,88,Not Applicable,99,Unknown,,,,,,,,,,,,,,,,,,,,,,,,,,,,,,,,,,,13,"First Row, Right Seat",,,UnitedStates,,,,,,,3,EMS Ground,AMER MED RESPONSE,ST RAPHAELS-YNHH
1235965,1,3,11,1,Male,,,2,Passenger,O,No Apparent Injury (O),,,,,,,,,,,,,,,1,Not Ejected,1,Shoulder and Lap Belt Used,88,Not Applicable,1,Not Deployed,,,,,,,,,,,,,,,,,,,,,,,,,,,,,,,,,,,22,"Second Row, Middle Seat",,,UnitedStates,,,,,,,1,Not Transported,,
1236306,2,3,4,1,Male,CT,,2,Passenger,C,Possible Injury (C),,,,,,,,,,,,,,,1,Not Ejected,99,Unknown,88,Not Applicable,1,Not Deployed,,,,,,,,,,,,,,,,,,,,,,,,,,,,,,,,,,,21,"Second Row, Left Seat",,New Haven,UnitedStates,,,,,,,3,EMS Ground,AMER MED RESPONSE,YALE-NH HOSP
1236734,2,5,2,2,Female,CT,,2,Passenger,O,No Apparent Injury (O),,,,,,,,,,,,,,,1,Not Ejected,7,Booster Seat,88,Not Applicable,1,Not Deployed,,,,,,,,,,,,,,,,,,,,,,,,,,,,,,,,,,,21,"Second Row, Left Seat",,New Haven,UnitedStates,,,,,,,1,Not Transported,,
1236734,2,3,60,2,Female,CT,6514,2,Passenger,C,Possible Injury (C),,,,,,,,,,,,,,,1,Not Ejected,1,Shoulder and Lap Belt Used,88,Not Applicable,1,Not Deployed,,,,,,,,,,,,,,,,,,,,,,,,,,,,,,,,,,,13,"First Row, Right Seat",,Hamden,UnitedStates,,,CT,,,,1,Not Transported,,
1236734,2,4,0,1,Male,CT,,2,Passenger,O,No Apparent Injury (O),,,,,,,,,,,,,,,1,Not Ejected,6,"Child Restraint System, Rear Facing",88,Not Applicable,1,Not Deployed,,,,,,,,,,,,,,,,,,,,,,,,,,,,,,,,,,,23,"Second Row, Right Seat",,New Haven,UnitedStates,,,,,,,1,Not Transported,,
1236737,1,2,28,1,Male,,,2,Passenger,O,No Apparent Injury (O),,,,,,,,,,,,,,,1,Not Ejected,99,Unknown,88,Not Applicable,1,Not Deployed,,,,,88,Not Applicable,88,Not Applicable,88,Not Applicable,,,,,,,,,,,,,,,,,,,,,,,,,13,"First Row, Right Seat",,,UnitedStates,,,,,,,1,Not Transported,,
1236737,2,4,47,2,Female,,,2,Passenger,C,Possible Injury (C),,,,,,,,,,,,,,,1,Not Ejected,99,Unknown,88,Not Applicable,1,Not Deployed,,,,,,,,,,,,,,,,,,,,,,,,,,,,,,,,,,,13,"First Row, Right Seat",,,UnitedStates,,,,,,,1,Not Transported,,
1236738,1,2,45,2,Female,CT,,2,Passenger,C,Possible Injury (C),,,,,,,,,,,,,,,1,Not Ejected,99,Unknown,88,Not Applicable,1,Not Deployed,,,,,,,,,,,,,,,,,,,,,,,,,,,,,,,,,,,22,"Second Row, Middle Seat",,New Haven,UnitedStates,,,CT,,,,3,EMS Ground,AMER MED RESPONSE,YALE-NH HOSP
1236744,,2,60,1,Male,CT,6511,6,Other Cyclist,C,Possible Injury (C),2,Physically Impaired,,,0,None taken,1,Test Not Given,88,Not Applicable,1,Test Not Given,88,Not Applicable,,,,,,,,,,,,,,,,,,,,,EDGEWOOD AVE,W,FALSE,1,2,FALSE,3,Walking/Cycling along Roadway Along Traffic (In or Adjacent to Travel Lane),1,No,99,Unknown,88,Not Applicable,1,Intersection-Marked Crosswalk,0,None,88,Not Applicable,99,Unknown if Distracted,,,,New Haven,UnitedStates,2,State,CT,,,,3,EMS Ground,AMER MED RESPONSE,YALE-NH HOSP
1236765,2,3,26,2,Female,NJ,8757,2,Passenger,O,No Apparent Injury (O),,,,,,,,,,,,,,,1,Not Ejected,1,Shoulder and Lap Belt Used,99,Unknown,1,Not Deployed,,,,,,,,,,,,,,,,,,,,,,,,,,,,,,,,,,,13,"First Row, Right Seat",,Toms River,UnitedStates,,,NJ,,,,1,Not Transported,,
1237575,2,3,21,2,Female,CT,6513,2,Passenger,O,No Apparent Injury (O),,,,,,,,,,,,,,,1,Not Ejected,99,Unknown,99,Unknown,1,Not Deployed,,,,,,,,,,,,,,,,,,,,,,,,,,,,,,,,,,,11,"First Row, Left Seat",,New Haven,UnitedStates,,,CT,,,,1,Not Transported,,
1237578,2,4,21,1,Male,CT,,2,Passenger,B,Suspected Minor Injury (B),,,,,,,,,,,,,,,1,Not Ejected,99,Unknown,88,Not Applicable,6,Deployed-Combination,,,,,,,,,,,,,,,,,,,,,,,,,,,,,,,,,,,31,"Third Row, Left Seat",,New Haven,UnitedStates,,,,,,,3,EMS Ground,AMER MED RESPONSE,YALE-NH HOSP
1237578,2,3,20,2,Female,CT,,2,Passenger,B,Suspected Minor Injury (B),,,,,,,,,,,,,,,1,Not Ejected,99,Unknown,88,Not Applicable,6,Deployed-Combination,,,,,,,,,,,,,,,,,,,,,,,,,,,,,,,,,,,23,"Second Row, Right Seat",,New Haven,UnitedStates,,,,,,,3,EMS Ground,AMER MED RESPONSE,YALE-NH HOSP
1237581,2,3,18,2,Female,CT,,2,Passenger,O,No Apparent Injury (O),,,,,,,,,,,,,,,1,Not Ejected,99,Unknown,99,Unknown,1,Not Deployed,,,,,,,,,,,,,,,,,,,,,,,,,,,,,,,,,,,13,"First Row, Right Seat",,New Haven,UnitedStates,,,,,,,1,Not Transported,,
1237582,2,4,72,2,Female,CT,6511,2,Passenger,O,No Apparent Injury (O),,,,,,,,,,,,,,,1,Not Ejected,99,Unknown,88,Not Applicable,1,Not Deployed,,,,,,,,,,,,,,,,,,,,,,,,,,,,,,,,,,,13,"First Row, Right Seat",,New Haven,UnitedStates,,,,,,,1,Not Transported,,
1237582,1,2,69,2,Female,CT,6511,2,Passenger,O,No Apparent Injury (O),,,,,,,,,,,,,,,1,Not Ejected,99,Unknown,88,Not Applicable,1,Not Deployed,,,,,,,,,,,,,,,,,,,,,,,,,,,,,,,,,,,13,"First Row, Right Seat",,New Haven,UnitedStates,,,CT,,,,1,Not Transported,,
1237583,1,2,22,1,Male,CT,6513,7,"Occupant of a Motor Vehicle Not in Operation (parked, etc.)",C,Possible Injury (C),,,,,,,,,,,,,,,99,Unknown,,,,,99,Unknown,,,,,,,,,,,,,,,,,,,,,,,,,,,,,,,,,,,99,Unknown,,New Haven,UnitedStates,,,,,,,1,Not Transported,,
1238267,1,4,35,1,Male,CT,6516,2,Passenger,O,No Apparent Injury (O),,,,,,,,,,,,,,,1,Not Ejected,99,Unknown,88,Not Applicable,1,Not Deployed,,,,,,,,,,,,,,,,,,,,,,,,,,,,,,,,,,,21,"Second Row, Left Seat",,West Haven,UnitedStates,,,,,,,1,Not Transported,,
1238267,1,3,54,1,Male,,,2,Passenger,O,No Apparent Injury (O),,,,,,,,,,,,,,,1,Not Ejected,99,Unknown,88,Not Applicable,1,Not Deployed,,,,,,,,,,,,,,,,,,,,,,,,,,,,,,,,,,,13,"First Row, Right Seat",,,UnitedStates,,,,,,,1,Not Transported,,
1238267,2,6,25,1,Male,,,2,Passenger,O,No Apparent Injury (O),,,,,,,,,,,,,,,1,Not Ejected,99,Unknown,88,Not Applicable,1,Not Deployed,,,,,,,,,,,,,,,,,,,,,,,,,,,,,,,,,,,13,"First Row, Right Seat",,,UnitedStates,,,,,,,1,Not Transported,,
1238267,2,7,29,1,Male,NJ,,2,Passenger,C,Possible Injury (C),,,,,,,,,,,,,,,1,Not Ejected,99,Unknown,88,Not Applicable,1,Not Deployed,,,,,,,,,,,,,,,,,,,,,,,,,,,,,,,,,,,21,"Second Row, Left Seat",,No Brunswick,UnitedStates,,,NJ,,,,1,Not Transported,,
1238267,1,5,26,1,Male,,,2,Passenger,O,No Apparent Injury (O),,,,,,,,,,,,,,,1,Not Ejected,99,Unknown,88,Not Applicable,1,Not Deployed,,,,,,,,,,,,,,,,,,,,,,,,,,,,,,,,,,,23,"Second Row, Right Seat",,,UnitedStates,,,,,,,1,Not Transported,,
1238587,2,3,20,2,Female,CT,,2,Passenger,O,No Apparent Injury (O),,,,,,,,,,,,,,,1,Not Ejected,99,Unknown,88,Not Applicable,1,Not Deployed,,,,,,,,,,,,,,,,,,,,,,,,,,,,,,,,,,,23,"Second Row, Right Seat",,New Haven,UnitedStates,,,,,,,1,Not Transported,,
1238590,2,3,27,2,Female,CT,6492,2,Passenger,C,Possible Injury (C),,,,,,,,,,,,,,,1,Not Ejected,1,Shoulder and Lap Belt Used,88,Not Applicable,6,Deployed-Combination,,,,,,,,,,,,,,,,,,,,,,,,,,,,,,,,,,,13,"First Row, Right Seat",,Wallingford,UnitedStates,,,CT,,,,3,EMS Ground,AMER MED RESPONSE,ST RAPHAELS-YNHH
1238590,,4,2,1,Male,,,9,Witness,,,,,,,,,,,,,,,,,,,,,,,,,,,,,,,,,,,,,,,,,,,,,,,,,,,,,,,,,,,,,,,UnitedStates,,,,,,,,,,
1238601,2,3,7,2,Female,CT,,2,Passenger,O,No Apparent Injury (O),,,,,,,,,,,,,,,1,Not Ejected,1,Shoulder and Lap Belt Used,88,Not Applicable,1,Not Deployed,,,,,,,,,,,,,,,,,,,,,,,,,,,,,,,,,,,11,"First Row, Left Seat",,New Haven,UnitedStates,,,,,,,1,Not Transported,,
1239003,2,3,64,2,Female,CT,6614,2,Passenger,O,No Apparent Injury (O),,,,,,,,,,,,,,,1,Not Ejected,1,Shoulder and Lap Belt Used,99,Unknown,1,Not Deployed,,,,,,,,,,,,,,,,,,,,,,,,,,,,,,,,,,,13,"First Row, Right Seat",,Stratford,UnitedStates,,,CT,,,,1,Not Transported,,
1239007,1,3,4,1,Male,CT,6511,2,Passenger,O,No Apparent Injury (O),,,,,,,,,,,,,,,1,Not Ejected,5,"Child Restraint System, Forward Facing",88,Not Applicable,1,Not Deployed,,,,,,,,,,,,,,,,,,,,,,,,,,,,,,,,,,,38,"Third Row, Other Seat",,New Haven,UnitedStates,,,,,,,1,Not Transported,,
1239007,1,2,4,1,Male,CT,6511,2,Passenger,O,No Apparent Injury (O),,,,,,,,,,,,,,,1,Not Ejected,5,"Child Restraint System, Forward Facing",88,Not Applicable,1,Not Deployed,,,,,,,,,,,,,,,,,,,,,,,,,,,,,,,,,,,28,"Second Row, Other Seat",,New Haven,UnitedStates,,,,,,,1,Not Transported,,
1239012,,5,29,1,Male,CT,,9,Witness,,,,,,,,,,,,,,,,,,,,,,,,,,,,,,,,,,,,,,,,,,,,,,,,,,,,,,,,,,,,,,New Haven,UnitedStates,,,,,,,,,,
1239012,,4,45,1,Male,CT,,9,Witness,,,,,,,,,,,,,,,,,,,,,,,,,,,,,,,,,,,,,,,,,,,,,,,,,,,,,,,,,,,,,,Berlin,UnitedStates,,,,,,,,,,
1239647,1,2,20,1,Male,CT,6516,2,Passenger,O,No Apparent Injury (O),,,,,,,,,,,,,,,1,Not Ejected,99,Unknown,88,Not Applicable,1,Not Deployed,,,,,,,,,,,,,,,,,,,,,,,,,,,,,,,,,,,13,"First Row, Right Seat",,West Haven,UnitedStates,,,,,,,1,Not Transported,,
1239647,1,3,21,1,Male,CT,6516,2,Passenger,O,No Apparent Injury (O),,,,,,,,,,,,,,,1,Not Ejected,99,Unknown,88,Not Applicable,1,Not Deployed,,,,,,,,,,,,,,,,,,,,,,,,,,,,,,,,,,,23,"Second Row, Right Seat",,West Haven,UnitedStates,,,,,,,1,Not Transported,,
1240017,,2,33,2,Female,CT,6510,3,Pedestrian,B,Suspected Minor Injury (B),1,Apparently Normal,,,1,Verbal Warning,1,Test Not Given,88,Not Applicable,1,Test Not Given,88,Not Applicable,,,,,,,,,,,,,,,,,,,,,BROADWAY,E,FALSE,1,,FALSE,1,Crossing Roadway,1,No,3,Failure to Yield Right-Of-Way,88,Not Applicable,5,Travel Lane-Other Location,0,None,88,Not Applicable,1,Not Distracted,,,,New Haven,UnitedStates,2,State,CT,,,,3,EMS Ground,AMER MED RESPONSE,YALE-NH HOSP
1240022,2,4,0,2,Female,CT,6514,2,Passenger,O,No Apparent Injury (O),,,,,,,,,,,,,,,1,Not Ejected,1,Shoulder and Lap Belt Used,88,Not Applicable,1,Not Deployed,,,,,,,,,,,,,,,,,,,,,,,,,,,,,,,,,,,31,"Third Row, Left Seat",,Hamden,UnitedStates,,,,,,,1,Not Transported,,
1240022,2,3,34,1,Male,CT,6514,2,Passenger,C,Possible Injury (C),,,,,,,,,,,,,,,1,Not Ejected,1,Shoulder and Lap Belt Used,88,Not Applicable,1,Not Deployed,,,,,,,,,,,,,,,,,,,,,,,,,,,,,,,,,,,13,"First Row, Right Seat",,Hamden,UnitedStates,,,,,,,1,Not Transported,,
1240723,,3,61,1,Male,CT,,9,Witness,,,,,,,,,,,,,,,,,,,,,,,,,,,,,,,,,,,,,,,,,,,,,,,,,,,,,,,,,,,,,,New Haven,UnitedStates,,,,,,,,,,
1240728,1,2,3,1,Male,CT,6511,2,Passenger,O,No Apparent Injury (O),,,,,,,,,,,,,,,1,Not Ejected,1,Shoulder and Lap Belt Used,88,Not Applicable,1,Not Deployed,,,,,,,,,,,,,,,,,,,,,,,,,,,,,,,,,,,11,"First Row, Left Seat",,New Haven,UnitedStates,,,,,,,1,Not Transported,,
1240728,1,3,3,1,Male,CT,6511,2,Passenger,O,No Apparent Injury (O),,,,,,,,,,,,,,,1,Not Ejected,1,Shoulder and Lap Belt Used,88,Not Applicable,1,Not Deployed,,,,,,,,,,,,,,,,,,,,,,,,,,,,,,,,,,,11,"First Row, Left Seat",,New Haven,UnitedStates,,,,,,,1,Not Transported,,
1240728,,4,25,1,Male,CT,6511,3,Pedestrian,C,Possible Injury (C),1,Apparently Normal,,,0,None taken,1,Test Not Given,88,Not Applicable,1,Test Not Given,88,Not Applicable,,,,,,,,,,,,,,,,,,,,,LOCK ST,S,FALSE,1,,FALSE,1,Crossing Roadway,99,Unknown,1,No Improper Action,88,Not Applicable,2,Intersection-Unmarked Crosswalk,0,None,88,Not Applicable,1,Not Distracted,,,,New Haven,UnitedStates,2,State,NC,,,,3,EMS Ground,AMER MED RESPONSE,YALE-NH HOSP
1241322,,2,26,1,Male,,,8,Occupant of a Non-Motor Vehicle Transportation Device,B,Suspected Minor Injury (B),2,Physically Impaired,2,Physically Impaired,0,None taken,1,Test Not Given,88,Not Applicable,1,Test Not Given,88,Not Applicable,,,,,,,,,,,,,,,,,,,,,,E,,1,,TRUE,5,Walking/Cycling on Sidewalk,1,No,3,Failure to Yield Right-Of-Way,88,Not Applicable,10,Driveway Access,0,None,88,Not Applicable,1,Not Distracted,,,,,,99,Unknown,,,,,1,Not Transported,,
1241330,1,3,8,2,Female,,,2,Passenger,O,No Apparent Injury (O),,,,,,,,,,,,,,,1,Not Ejected,8,"Child Restraint, Type Unknown",88,Not Applicable,1,Not Deployed,,,,,,,,,,,,,,,,,,,,,,,,,,,,,,,,,,,23,"Second Row, Right Seat",,,UnitedStates,,,,,,,1,Not Transported,,
1241330,1,2,29,2,Female,CT,,2,Passenger,O,No Apparent Injury (O),,,,,,,,,,,,,,,1,Not Ejected,99,Unknown,88,Not Applicable,1,Not Deployed,,,,,,,,,,,,,,,,,,,,,,,,,,,,,,,,,,,13,"First Row, Right Seat",,East Haven,UnitedStates,,,,,,,1,Not Transported,,
1241330,2,7,59,2,Female,CT,,2,Passenger,C,Possible Injury (C),,,,,,,,,,,,,,,1,Not Ejected,99,Unknown,88,Not Applicable,1,Not Deployed,,,,,,,,,,,,,,,,,,,,,,,,,,,,,,,,,,,23,"Second Row, Right Seat",,Cheshire,UnitedStates,,,,,,,3,EMS Ground,AMER MED RESPONSE,YALE-NH HOSP
1241330,1,4,2,99,Unknown,,,2,Passenger,O,No Apparent Injury (O),,,,,,,,,,,,,,,1,Not Ejected,8,"Child Restraint, Type Unknown",88,Not Applicable,1,Not Deployed,,,,,,,,,,,,,,,,,,,,,,,,,,,,,,,,,,,21,"Second Row, Left Seat",,,UnitedStates,,,,,,,1,Not Transported,,
1241330,2,6,24,99,Unknown,CT,,2,Passenger,O,No Apparent Injury (O),,,,,,,,,,,,,,,1,Not Ejected,99,Unknown,88,Not Applicable,1,Not Deployed,,,,,,,,,,,,,,,,,,,,,,,,,,,,,,,,,,,13,"First Row, Right Seat",,Meriden,UnitedStates,,,,,,,1,Not Transported,,
1241339,2,3,66,2,Female,CT,6516,2,Passenger,C,Possible Injury (C),,,,,,,,,,,,,,,1,Not Ejected,2,Shoulder Belt Only Used,88,Not Applicable,1,Not Deployed,,,,,,,,,,,,,,,,,,,,,,,,,,,,,,,,,,,13,"First Row, Right Seat",,West Haven,UnitedStates,,,CT,,,,3,EMS Ground,AMER MED RESPONSE,ST RAPHAELS-YNHH
1241342,,2,53,1,Male,CT,6511,9,Witness,,,,,,,,,,,,,,,,,,,,,,,,,,,,,,,,,,,,,,,,,,,,,,,,,,,,,,,,,,,,,,New Haven,UnitedStates,,,,,,,,,,
1242009,1,2,59,2,Female,CT,6515,2,Passenger,C,Possible Injury (C),,,,,,,,,,,,,,,1,Not Ejected,99,Unknown,88,Not Applicable,1,Not Deployed,,,,,,,,,,,,,,,,,,,,,,,,,,,,,,,,,,,13,"First Row, Right Seat",,New Haven,UnitedStates,,,CT,,,,3,EMS Ground,AMER MED RESPONSE,ST RAPHAELS-YNHH
1242012,,2,56,1,Male,NY,11211,3,Pedestrian,B,Suspected Minor Injury (B),2,Physically Impaired,,,0,None taken,1,Test Not Given,88,Not Applicable,1,Test Not Given,88,Not Applicable,,,,,,,,,,,,,,,,,,,,,GROVE ST,E,FALSE,1,,FALSE,1,Crossing Roadway,99,Unknown,1,No Improper Action,88,Not Applicable,3,Intersection – Other,0,None,88,Not Applicable,99,Unknown if Distracted,,,,Brooklyn,UnitedStates,,,,,,,3,EMS Ground,AMER MED RESPONSE,YALE-NH HOSP
1242014,1,2,20,2,Female,CT,6605,2,Passenger,O,No Apparent Injury (O),,,,,,,,,,,,,,,1,Not Ejected,1,Shoulder and Lap Belt Used,88,Not Applicable,1,Not Deployed,,,,,,,,,,,,,,,,,,,,,,,,,,,,,,,,,,,13,"First Row, Right Seat",,Bridgeport,UnitedStates,,,CT,,,,1,Not Transported,,
1242768,1,2,49,2,Female,CT,6514,2,Passenger,A,Suspected Serious Injury (A),,,,,,,,,,,,,,,1,Not Ejected,99,Unknown,88,Not Applicable,6,Deployed-Combination,,,,,,,,,,,,,,,,,,,,,,,,,,,,,,,,,,,13,"First Row, Right Seat",,Hamden,UnitedStates,,,CT,,,,3,EMS Ground,AMER MED RESPONSE,YALE-NH HOSP
1243152,1,5,,99,Unknown,,,2,Passenger,O,No Apparent Injury (O),,,,,,,,,,,,,,,1,Not Ejected,4,"Restraint Used, Type Unknown",88,Not Applicable,6,Deployed-Combination,,,,,,,,,,,,,,,,,,,,,,,,,,,,,,,,,,,23,"Second Row, Right Seat",,,UnitedStates,,,,,,,1,Not Transported,,
1243152,1,1,13,1,Male,CT,6511,2,Passenger,A,Suspected Serious Injury (A),,,,,,,,,,,,,,,1,Not Ejected,4,"Restraint Used, Type Unknown",88,Not Applicable,6,Deployed-Combination,,,,,,,,,,,,,,,,,,,,,,,,,,,,,,,,,,,23,"Second Row, Right Seat",,New Haven,UnitedStates,,,CT,,,,3,EMS Ground,AMER MED RESPONSE,OTHER HOSPITAL
1243152,1,3,,99,Unknown,,,2,Passenger,O,No Apparent Injury (O),,,,,,,,,,,,,,,1,Not Ejected,4,"Restraint Used, Type Unknown",88,Not Applicable,6,Deployed-Combination,,,,,,,,,,,,,,,,,,,,,,,,,,,,,,,,,,,23,"Second Row, Right Seat",,,UnitedStates,,,CT,,,,1,Not Transported,,
1243152,1,4,,99,Unknown,,,2,Passenger,O,No Apparent Injury (O),,,,,,,,,,,,,,,1,Not Ejected,4,"Restraint Used, Type Unknown",88,Not Applicable,6,Deployed-Combination,,,,,,,,,,,,,,,,,,,,,,,,,,,,,,,,,,,22,"Second Row, Middle Seat",,,UnitedStates,,,CT,,,,1,Not Transported,,
1243153,1,2,21,2,Female,FL,33615,2,Passenger,C,Possible Injury (C),,,,,,,,,,,,,,,1,Not Ejected,4,"Restraint Used, Type Unknown",88,Not Applicable,1,Not Deployed,,,,,,,,,,,,,,,,,,,,,,,,,,,,,,,,,,,13,"First Row, Right Seat",,Tampa,UnitedStates,,,FL,,,,1,Not Transported,,
1243156,1,2,64,2,Female,,,2,Passenger,C,Possible Injury (C),,,,,,,,,,,,,,,1,Not Ejected,99,Unknown,88,Not Applicable,1,Not Deployed,,,,,,,,,,,,,,,,,,,,,,,,,,,,,,,,,,,23,"Second Row, Right Seat",,,UnitedStates,,,,,,,3,EMS Ground,AMER MED RESPONSE,YALE-NH HOSP
1243690,1,4,12,2,Female,CT,6053,2,Passenger,O,No Apparent Injury (O),,,,,,,,,,,,,,,1,Not Ejected,99,Unknown,88,Not Applicable,1,Not Deployed,,,,,,,,,,,,,,,,,,,,,,,,,,,,,,,,,,,22,"Second Row, Middle Seat",,New Britain,UnitedStates,,,,,,,1,Not Transported,,
1243690,1,3,15,2,Female,CT,6053,2,Passenger,O,No Apparent Injury (O),,,,,,,,,,,,,,,1,Not Ejected,99,Unknown,88,Not Applicable,1,Not Deployed,,,,,,,,,,,,,,,,,,,,,,,,,,,,,,,,,,,23,"Second Row, Right Seat",,New Britain,UnitedStates,,,,,,,1,Not Transported,,
1243690,,5,47,1,Male,CT,6513,3,Pedestrian,B,Suspected Minor Injury (B),1,Apparently Normal,,,1,Verbal Warning,1,Test Not Given,88,Not Applicable,1,Test Not Given,88,Not Applicable,,,,,,,,,,,,,,,,,,,,,450 SARGENT DRIVE,S,FALSE,1,,FALSE,6,In Roadway - Other,1,No,5,"In Roadway Improperly (Standing, Lying, Working, Playing)",88,Not Applicable,4,Midblock-Marked Crosswalk,3,Reflective Clothing,88,Not Applicable,1,Not Distracted,,,,New Haven,UnitedStates,1,Not Licensed,NJ,,,,3,EMS Ground,AMER MED RESPONSE,YALE-NH HOSP
1243690,1,2,41,2,Female,CT,6053,2,Passenger,O,No Apparent Injury (O),,,,,,,,,,,,,,,1,Not Ejected,99,Unknown,88,Not Applicable,1,Not Deployed,,,,,,,,,,,,,,,,,,,,,,,,,,,,,,,,,,,13,"First Row, Right Seat",,New Britain,UnitedStates,,,NY,,,,1,Not Transported,,
1243690,,6,22,1,Male,CT,6519,9,Witness,,,,,,,,,,,,,,,,,,,,,,,,,,,,,,,,,,,,,,,,,,,,,,,,,,,,,,,,,,,,,,New Haven,UnitedStates,,,,,,,,,,
1243701,1,2,33,1,Male,CT,6514,2,Passenger,C,Possible Injury (C),,,,,,,,,,,,,,,2,"Ejected, Partially",99,Unknown,88,Not Applicable,6,Deployed-Combination,,,,,,,,,,,,,,,,,,,,,,,,,,,,,,,,,,,13,"First Row, Right Seat",,New Haven,UnitedStates,,,,,,,3,EMS Ground,AMER MED RESPONSE,YALE-NH HOSP
1243702,1,5,16,1,Male,CT,6511,2,Passenger,O,No Apparent Injury (O),,,,,,,,,,,,,,,1,Not Ejected,0,None Used-Motor Vehicle Occupant,88,Not Applicable,1,Not Deployed,,,,,,,,,,,,,,,,,,,,,,,,,,,,,,,,,,,,,7A,New Haven,UnitedStates,,,,,,,1,Not Transported,,
1243702,1,4,14,1,Male,CT,6511,2,Passenger,C,Possible Injury (C),,,,,,,,,,,,,,,1,Not Ejected,0,None Used-Motor Vehicle Occupant,88,Not Applicable,1,Not Deployed,,,,,,,,,,,,,,,,,,,,,,,,,,,,,,,,,,,,,5A,New Haven,UnitedStates,,,,,,,1,Not Transported,,
1243702,1,3,14,2,Female,CT,6511,2,Passenger,O,No Apparent Injury (O),,,,,,,,,,,,,,,1,Not Ejected,0,None Used-Motor Vehicle Occupant,88,Not Applicable,1,Not Deployed,,,,,,,,,,,,,,,,,,,,,,,,,,,,,,,,,,,,,3A,New Haven,UnitedStates,,,,,,,1,Not Transported,,